plant_type,scientific_name,cultivar,botanical_name_raw,common_name,total_on_site,grower_source,comments
Annual,Cleome serrulata,,Cleome serrulata,Rocky Mountain Beeplant,6+,Prairie Moon Nursery,Reseeding annual
Bulb,Allium acuminatum,,Allium acuminatum,Hooker's Onion,,Fourth Corner Nurseries,
Bulb,Allium christophii,,Allium christophii,Star of Persia,,HCG,
Bulb,Allium karataviense,,Allium karataviense,'Ivory Queen' Onion,,HCG,
Bulb,Allium schubertii,,Allium schubertii,Tumbleweed Onion,,Dutch Gardens,
Bulb,Anemone blanda,,Anemone blanda,Anemone Blue Shades,,Colorblends.com,
Bulb,Chionodoxa luciliae,,Chionodoxa luciliae,Glory of the Snow,,Colorblends.com,Crevice garden
Bulb,Crocus vernus,,Crocus vernus,Hokus Crocus™,,Colorblends.com,
Bulb,Fritillaria imperialis,,Fritillaria imperialis,'Lutea' Crown Imperial Fritillaria,,Van Engelen,
Bulb,Galanthus elwesii,,Galanthus elwesii,Snowdrops,,HCG,
Bulb,Galanthus elwesii,,Galanthus elwesii,Snowdrops,,Colorblends.com,
Bulb,Iris reticulata,,Iris reticulata,'Harmony' Iris,,Colorblends.com,
Bulb,Iris reticulata,,Iris reticulata,'Harmony' Iris,,NEON,
Bulb,Muscari armeniacum,,Muscari armeniacum,Grape Hyacinth,,Roger,Naturalizes under ideal conditions
Bulb,Narcissus,,Narcissus,60 Days Mix,,HCG,
Bulb,Narcissus,,Narcissus,'Jetfire' Daffodil,,Colorblends.com,
Bulb,Narcissus,,Narcissus,'Rapture' Daffodil,,Colorblends.com,
Bulb,Tulipa,,Tulipa,Rainbow Coalition® Tulip Blend,,Colorblends.com,
Bulb,Tulipa,,Tulipa,Wildfyre™ Wild Tulip,,Colorblends.com,
Bulb,Tulipa bakeri,,Tulipa bakeri,'Lilac Wonder' Wild Tulip,,Colorblends.com,
Bulb,Tulipa humilis,,Tulipa humilis,'Persian Pearl' Wild Tulip,,HCG,
Bulb,Tulipa praestans,,Tulipa praestans,Praestans Shogun Wild Tulips,,Colorblends.com,Plot 1
Bulb,Tulipa tarda,,Tulipa tarda,Tarda Tulip,,Colorblends.com,
Bulb,Tulipa turkestanica,,Tulipa turkestanica,Turkestanica Tulip,,Colorblends.com,
Grass,Bouteloua gracilis,,Bouteloua gracilis,'Hachita' Blue Grama,,HCG,"Plot 9, plugs, overseeded with straight species"
Grass,Buchloe dactyloides,,Buchloe dactyloides,'Legacy' Buffalograss,,HCG,"Plot 10, overseeded with 'Sundancer'"
Grass,Cynodon,,Cynodon,Dog Tuff™,,HCG,Plot 12
Grass,Festuca idahoensis,,Festuca idahoensis,Idaho Fescue,,BSU Hort,
Grass,Festuca ovina,,Festuca ovina,Sheep Fescue,,,Sheep fescue lawn
Grass,Zoysia,,Zoysia,Zenith Zoysia,,Zoysiaplug.com,"Plot 11, plugs, overseeded with straight species"
Groundcover,Achillea ageratifolia,,Achillea ageratifolia,Greek Yarrow,1,HCG,Crevice garden
Groundcover,Acinos alpinus,,Acinos alpinus,Alpine Rock Thyme,1,Far West,Plot 5
Groundcover,Ajuga reptans,,Ajuga reptans,Bugleweed,3,CWI Hort,
Groundcover,Aloinopsis spathulata,,Aloinopsis spathulata,Hardy Living Stone,1,Edwards,Crevice garden
Groundcover,Antennaria carpatica,,Antennaria carpatica,Pussytoes,6+,Roger,
Groundcover,Antennaria spp.,,Antennaria spp.,Pussytoes,12+,,
Groundcover,Arenaria,,Arenaria,'Wallowa Mountains' Desert Moss,2,HCG,Zero maintenance
Groundcover,Arenaria,,Arenaria,'Wallowa Mountains' Desert Moss,3,IDFW,Crevice garden
Groundcover,Arenaria alfacarensis,,Arenaria alfacarensis,Spanish Sandwort,1,Meadow View Farms,Zero maintenance
Groundcover,Artemisia caucasica,,Artemisia caucasica,Wormwood,4,Roger,
Groundcover,Campanula cochlearifolia,,Campanula cochlearifolia,'Alpine Breeze Blue' Bellflower,4,CWI Hort,Best in part-shade
Groundcover,Delosperma,,Delosperma,Table Mountain® 'John Proffitt' Ice Plant,12,Far West / Propagation,
Groundcover,Delosperma,,Delosperma,Table Mountain® 'John Proffitt' Ice Plant,6,Sunscapes,
Groundcover,Delosperma,,Delosperma,'Lavender Ice' Ice Plant,3,Sunscapes/ Edwards,
Groundcover,Delosperma,,Delosperma,'Alan's Apricot' Ice Plant,3,HCG,
Groundcover,Delosperma,,Delosperma,Delmara™ Fuchsia,3,CWI Hort,
Groundcover,Delosperma,,Delosperma,Delmara™ Pink,1,Edwards GH,
Groundcover,Delosperma,,Delosperma,Fire Spinner® Ice Plant,5,Edwards/IDFW Prop,
Groundcover,Delosperma,,Delosperma,Granita® Orange Ice Plant,3,HCG / Edwards,
Groundcover,Delosperma congestum,,Delosperma congestum,'Gold Nugget' Ice Plant,1,Jellito Seed,
Groundcover,Delosperma nubigenum,,Delosperma nubigenum,Yellow Ice Plant,1,Far West,
Groundcover,Dianthus simulans,,Dianthus simulans,"Bulgarian Pink, Alpine Dianthus",6+,Walla Walla Nursery Co.,
Groundcover,Dianthus simulans,,Dianthus simulans,"Bulgarian Pink, Alpine Dianthus",2,IDFW,Crevice garden
Groundcover,Erigeron scopulinus,,Erigeron scopulinus,Rock Fleabane,2,Draggin' Wing,
Groundcover,Eriogonum umbellatum,,Eriogonum umbellatum,Sulphur Buckwheat,8+,Buffalo Berry Farm,
Groundcover,Eriogonum umbellatum v. aureum,,Eriogonum umbellatum v. aureum,'Psdowns' Kannah Creek® Buckwheat,2,Sunscapes,
Groundcover,Eriogonum umbellatum v. aureum,,Eriogonum umbellatum v. aureum,'Psdowns' KANNAH CREEK® Buckwheat,3,Edwards GH,
Groundcover,Fragaria,,Fragaria,'Lipstick' Strawberry,8+,Bluestone Perennials,
Groundcover,Geranium sanguineum,,Geranium sanguineum,'Elke' Geranium,3,Roots & Rhizomes,
Groundcover,Geranium sanguineum v. striatum,,Geranium sanguineum v. striatum,Bloody Cranesbill,8+,Forest Farm,"Readily reseeds, cut back by mid-season"
Groundcover,Globularia cordifolia,,Globularia cordifolia,Globe Daisy,1,Edwards,Crevice garden
Groundcover,Globularia repens,,Globularia repens,'Nana' Leatherleaf Powder Puff/Globe Daisy,1,HCG,
Groundcover,Marrubium rotundifolium,,Marrubium rotundifolium,Silver Edged Horehound,2,IDFW Prop,
Groundcover,Penstemon barrettiae,,Penstemon barrettiae,Barrett's Beardtongue,7,Fourth Corner Nurseries,"Showy, limited geographic range; woody base, cut back every few years to rejuvenate (very early spring)"
Groundcover,Penstemon davidsonii,,Penstemon davidsonii,Davidson's Penstemon,3,IDFW,"Woody base, cut back every few years to rejuvenate (very early spring)"
Groundcover,Penstemon davidsonii v. menziesii,,Penstemon davidsonii v. menziesii,Menzies' Penstemon,5,IBG,
Groundcover,Penstemon davidsonii v. menziesii,,Penstemon davidsonii v. menziesii,'Microphyllus' Green Mat Penstemon,5,HCG,
Groundcover,Penstemon pinifolius,,Penstemon pinifolius,'Mersea Yellow' Pineleaf Penstemon,3,Jayker,
Groundcover,Penstemon pinifolius,,Penstemon pinifolius,Pineleaf Penstemon,17,Walla Walla Nursery Co.,"Can get woody with age, rejuvenation pruning as needed, to the base"
Groundcover,Penstemon pinifolius,,Penstemon pinifolius,'Luminous' Pineleaf Penstemon,1,HCG,Plot 5
Groundcover,Penstemon pinifolius,,Penstemon pinifolius,SteppeSuns® Sunset Glow Penstemon,3,HCG,
Groundcover,Penstemon xylus,,Penstemon xylus,Tushar Bluemat Penstemon,5,HCG/PS,
Groundcover,Petrosedum rupestre,,Petrosedum rupestre,'Rice Creek' Winter Fire® Sedum,3,Ross/PS,
Groundcover,Petrosedum rupestre,,Petrosedum rupestre,'Rice Creek' Winter Fire® Sedum,6+,IDFW Prop,
Groundcover,Phlox,,Phlox,Creeping Phlox,3,,
Groundcover,Phlox bifida,,Phlox bifida,Snowmass® Phlox,1,HCG,Crevice garden
Groundcover,Phlox subulata,,Phlox subulata,'Snowflake' Creeping Phlox,1,Far West,Plot 5
Groundcover,Pterocephalus depressus,,Pterocephalus depressus,Moroccan Pincushion Flower,3,HCG,
Groundcover,Pterocephalus depressus,,Pterocephalus depressus,Moroccan Pincushion Flower,1,IDFW,Crevice garden
Groundcover,Saponaria lempergii,,Saponaria lempergii,Giant Flowered Soapwort,6+,IDFW Prop,
Groundcover,Saponaria lempergii,,Saponaria lempergii,'Max Frei' Giant Flowered Soapwort,3,HCG,
Groundcover,Saponaria ocymoides,,Saponaria ocymoides,Rock Soapwort,5,HCG,
Groundcover,Saponaria ocymoides,,Saponaria ocymoides,Rock Soapwort,5,IDFW Prop,
Groundcover,Sedum,,Sedum,Sunsparkler® 'Wildfire',2,MCG,
Groundcover,Sedum acre,,Sedum acre,Golden Carpet,50,Jelitto Seed,
Groundcover,Sedum album,,Sedum album,'Athoum' Stonecrop,3,Andrea,Plot 3
Groundcover,Sedum album,,Sedum album,'Coral Carpet' Creeping Stonecrop,10,Plants of the Wild/CWI,
Groundcover,Sedum middendorfianum,,Sedum middendorfianum,Chinese Mountain Stonecrop,12+,HCG,
Groundcover,Sedum rupestre,,Sedum rupestre,'Angelina' Stonecrop,10,IBG,
Groundcover,Sedum rupestre,,Sedum rupestre,'Angelina' Stonecrop,12+,IDFW Prop,
Groundcover,Sedum sichotense,,Sedum sichotense,Stonecrop,2,Far West,"Bright, red fall color"
Groundcover,Sedum spurium,,Sedum spurium,'Blaze of Fulda' Stonecrop,NA,Jayker,
Groundcover,Sedum spurium,,Sedum spurium,'Dragon's Blood' Stonecrop,NA,IDFW,Plot 3
Groundcover,Sedum spurium,,Sedum spurium,'Dragon's Blood' Stonecrop,10,Walla Walla Nursery Co. / Farwest,
Groundcover,Sedum spurium,,Sedum spurium,'Fuldaglut' Stonecrop,NA,IDFW,Plot 3
Groundcover,Sedum spurium,,Sedum spurium,'Summer Snow' Stonecrop,NA,IDFW,Plot 4
Groundcover,Sempervivum,,Sempervivum,Autumn Apple™ 'Dakona',1,Zamzows,Plot 5
Groundcover,Sempervivum,,Sempervivum,Chocolate Kiss™ 'Pacific Devil's Food',1,NEON,Plot 4
Groundcover,Sempervivum,,Sempervivum,'Firebird' Hens & Chicks,1,NEON,Plot 4
Groundcover,Sempervivum,,Sempervivum,Hens & Chicks,18+,IDFW Prop,
Groundcover,Sempervivum,,Sempervivum,'Red Beauty' Hens & Chicks,3,IBG,
Groundcover,Sempervivum,,Sempervivum,'Topaz' Hens & Chicks,1,NEON,
Groundcover,Sempervivum arachnoideum,,Sempervivum arachnoideum,Cobweb Hens & Chicks,1,,Green roof
Groundcover,Symphyotrichum ericoides,,Symphyotrichum ericoides,'Snow Flurry',1,Michelle W,
Groundcover,Tanacetum densum ssp. amani,,Tanacetum densum ssp. amani,Partridge Feather,1,Draggin' Wing,
Groundcover,Tanacetum densum ssp. amani,,Tanacetum densum ssp. amani,Partridge Feather,2,HCG,
Groundcover,Tanacetum densum ssp. amani,,Tanacetum densum ssp. amani,Partridge Feather,3,IDFW Prop,
Groundcover,Teucrium aroanium,,Teucrium aroanium,Gray-creeping Germander,1,HCG,
Groundcover,Thymus praecox,,Thymus praecox,'Coccineus' Creeping Thyme,2,HCG,Plot 6
Groundcover,Thymus praecox,,Thymus praecox,'Coccineus' Creeping Thyme,1,Far West,Plot 6
Groundcover,Thymus serpyllum,,Thymus serpyllum,'Magic Carpet' Thyme,3,BSU Hort,
Groundcover,Thymus serpyllum,,Thymus serpyllum,'Pink Chintz' Creeping Thyme,2,HCG,Plot 6
Groundcover,Thymus serpyllum,,Thymus serpyllum,'Pink Chintz' Creeping Thyme,1,Far West,Plot 6
Groundcover,Thymus vulgaris,,Thymus vulgaris,Thyme,10,Far West,
Groundcover,Veronica,,Veronica,'Waterperry Blue' Speedwell,10,Plants of the Wild,
Groundcover,Veronica liwanensis,,Veronica liwanensis,Turkish Speedwell,3,Plants of the Wild,
Groundcover,Veronica liwanensis,,Veronica liwanensis,Turkish Speedwell,7,HCG,
Groundcover,Veronica liwanensis,,Veronica liwanensis,Turkish Speedwell,7,"HCG, NEON",Plot 2
Groundcover,Veronica oltensis,,Veronica oltensis,Thyme-leaf Speedwell,5,HCG,
Groundcover,Veronica oltensis,,Veronica oltensis,Thyme-leaf Speedwell,2,HCG,Plot 6
Groundcover,Veronica pectinata,,Veronica pectinata,Blue Woolly Veronica,6,HCG,"Crevice garden, plot 6"
Groundcover,Veronica pectinata,,Veronica pectinata,Blue Woolly Veronica,2,NEON,Plot 6
Groundcover,Vinca minor v. atropurpurea,,Vinca minor v. atropurpurea,Periwinkle,3,Walla Walla Nursery Co.,
Perennial,Acantholimon hohenackeri,,Acantholimon hohenackeri,Prickly Dianthus,1,HCG,
Perennial,Acantholimon litvinovii,,Acantholimon litvinovii,Prickly Dianthus,1,HCG,
Perennial,Aethionema schistosum,,Aethionema schistosum,Fragrant Persian Stonecress,2,HCG,
Perennial,Agastache,,Agastache,'Rosie Posie' Hyssop,4,CWI Hort/ Edwards GH,Leave foliage alone until spring for added winter protection
Perennial,Agave toumeyana v. bella,,Agave toumeyana v. bella,Minature Century Plant,1,HCG,
Perennial,Amsonia tabernaemontana,,Amsonia tabernaemontana,'Storm Cloud' Bluestar,2,OVN,
Perennial,Aquilegia sp.,,Aquilegia sp.,Columbine,2,IDFW Prop,
Perennial,Armeria sp.,,Armeria sp.,Sea Thrift,1,CWI Hort,Green roof
Perennial,Armeria maritima,,Armeria maritima,'Victor Reiter' Sea Thrift,1,Edwards,Crevice garden
Perennial,Armeria maritima,,Armeria maritima,'Victor Reiter' Sea Thrift,3,HCG,Plot 5
Perennial,Artemisia arborescens,,Artemisia arborescens,'Powis Castle' Artemisia,3,BSU Hort,Wait to prune until late winter/early spring
Perennial,Artemisia versicolor,,Artemisia versicolor,‘Sea Foam’ Wormwood,4,Roger,
Perennial,Asclepias tuberosa,,Asclepias tuberosa,Butterfly Milkweed,3,IDFW Prop,
Perennial,Aster alpinus,,Aster alpinus,Alpine Aster,1,HCG,Plot 5
Perennial,Aster x frikartii,,Aster x frikartii,'Monch' Monch Frikart's Aster,2,HCG,
Perennial,Astragalus utahensis,,Astragalus utahensis,Utah Milkvetch,1,Western Native Seeds,"Direct seed in late fall, xeric, crevice garden"
Perennial,Baptisia australis,,Baptisia australis,Wild Indigo,2,Forest Farm,
Perennial,Baptisia sphaerocarpa,,Baptisia sphaerocarpa,'Screamin' Yellow' Wild Indigo,1,HCG,
Perennial,Berlandiera lyrata,,Berlandiera lyrata,Chocolate Flower,8+,HCG,
Perennial,Callirhoe involucrata,,Callirhoe involucrata,Purple Poppy Mallow,1,IDFW Prop,"Keep caged initially, mammal damage"
Perennial,Campanula portenschlagiana,,Campanula portenschlagiana,'Resholdt's Variety' Bellflower,2,OVN,
Perennial,Centranthus ruber,,Centranthus ruber,'Coccineus' Jupiter's Beard,3,Roger,Minimal watering once established; cut back by at least half after flowering to encourage fresh foliage and blooms
Perennial,Centranthus ruber,,Centranthus ruber,'Albus' White Valerian,1,IDFW Prop,Minimal watering once established; cut back by at least half after flowering to encourage fresh foliage and blooms
Perennial,Ceratostigma plumbaginoides,,Ceratostigma plumbaginoides,Hardy Plumbago,2,HCG,
Perennial,Coreopsis grandiflora,,Coreopsis grandiflora,'Grand Flying Saucers' Coreopsis,20+,Roots & Rhizomes,"Volunteers, needs frequent deadheading"
Perennial,Dalea oranta,,Dalea oranta,Blue Mountain Prairie Clover,3+,CSR,
Perennial,Dianthus gratianopolitanus,,Dianthus gratianopolitanus,'Firewitch' Dianthus,14,Roots & Rhizomes/IDFW Prop,
Perennial,Dianthus gratianopolitanus,,Dianthus gratianopolitanus,'Tiny Rubies' Dianthus,1,Walla Walla Nursery Co.,
Perennial,Dianthus petraeus v. noeanus,,Dianthus petraeus v. noeanus,Fragrant Snowflake Dianthus,6+,HCG,
Perennial,Dianthus petraeus v. noeanus,,Dianthus petraeus v. noeanus,Fragrant Snowflake Dianthus,2,IDFW,"Transplants, plot 5"
Perennial,Digitalis obscura,,Digitalis obscura,Sunset Foxglove,1,HCG,"Leave foliage to overwinter, ~evergreen, cut down to the base in spring"
Perennial,Echinacea,,Echinacea,Sombrero® Salsa Red Coneflower,3,Edwards GH,
Perennial,Echinacea angustifolia,,Echinacea angustifolia,Narrow-leaved Coneflower,4+,Roger,
Perennial,Echinacea,,Echinacea,Big Sky™ Harvest Moon Coneflower,1,Roots and Rhizomes,
Perennial,Echinacea,,Echinacea,'Pixie Meadowbrite' Coneflower,2,Roots & Rhizomes,
Perennial,Echinacea pallida,,Echinacea pallida,Pale Purple Coneflower,4,Prairie Moon Nursery,
Perennial,Echinacea paradoxa,,Echinacea paradoxa,Bush's Coneflower,1,NA,
Perennial,Echinacea purpurea,,Echinacea purpurea,'Pica Bella' Coneflower,NA,HCG,
Perennial,Echinacea purpurea,,Echinacea purpurea,Purple Coneflower,NA,Roger,
Perennial,Echinocereus coccineus,,Echinocereus coccineus,Scarlet Hedgehog Cactus,1,HCG,
Perennial,Ephedra regeliana,,Ephedra regeliana,Creeping Ephedra,10,Far West,
Perennial,Erigeron formosissimus,,Erigeron formosissimus,Rambler™ Mountain Fleabane,6,IDFW Prop,"Crevice garden, plot 5"
Perennial,Erigeron speciosus,,Erigeron speciosus,'Darkest of All' Fleabane,3,HCG,
Perennial,Eriogonum allenii,,Eriogonum allenii,'Little Rascal' Sulphur Buckwheat,3,HCG/PS,
Perennial,Eriogonum compositum,,Eriogonum compositum,Arrowleaf Buckwheat,5,IDFW Prop,
Perennial,Eriogonum heracleoides,,Eriogonum heracleoides,Parsnip Flower or Whorled Buckwheat,5,IDFW Prop,
Perennial,Eriogonum heracleoides,,Eriogonum heracleoides,Parsnip Flower or Whorled Buckwheat,1,NEON,Crevice garden
Perennial,Eriogonum niveum,,Eriogonum niveum,Snow Buckwheat,5,,
Perennial,Eriogonum strictum,,Eriogonum strictum,Blue Mountain Buckwheat,6+,IDFW Prop,
Perennial,Eriogonum umbellatum v. humistratum,,Eriogonum umbellatum v. humistratum,'Tahoe' Buckwheat,2,Sunscapes,
Perennial,Erodium chrysanthum,,Erodium chrysanthum,Yellow Cranesbill,1,Sunscapes,
Perennial,Euphorbia,,Euphorbia,'Galaxy Glow' Spurge,4,CWI/IDFW Prop,
Perennial,Euphorbia polychroma,,Euphorbia polychroma,Cushion Spurge,6+,Walla Walla Nursery Co.,Should be cut in half after flowering to reduce self seeding
Perennial,Gaillardia grandiflora,,Gaillardia grandiflora,'Arizona Sun' Blanket Flower,25,Roots & Rhizomes,Naturalizes; new plants may not retain cultivar traits
Perennial,Gazania linearis,,Gazania linearis,'Colorado Gold' African Daisy,3+,Sunscapes,
Perennial,Geum,,Geum,'Sunkissed Lime',1,Ivy/Franz Witte,
Perennial,Geum,,Geum,'Fire Storm',1,Jaykers,
Perennial,Helianthemum,,Helianthemum,'Fire Dragon' Sun Rose,1,Edwards,
Perennial,Hemerocallis,,Hemerocallis,Daylily (cultivars in separate sheet),20+,Roger & Horticulture,"*All Daylilies* may be pruned to the ground after bloom, leaves dry out in more xeric conditions."
Perennial,Heuchera cylindrica,,Heuchera cylindrica,Roundleaf Alumroot,3,Draggin' Wing,
Perennial,Heuchera pulchella,,Heuchera pulchella,Sandia Coral Bells,2,HCG,
Perennial,Heuchera sanguinea,,Heuchera sanguinea,'Firefly' Coral Bells,2,Jordan's GC,
Perennial,Heuchera sanguinea,,Heuchera sanguinea,'Firefly' Coral Bells,3,IDFW Prop,
Perennial,Hylotelephium,,Hylotelephium,'Black Jack' Stonecrop,1,Jayker,
Perennial,Hylotelephium,,Hylotelephium,'Autumn Joy' Stonecrop,4,Jayker,
Perennial,Hylotelephium cauticola,,Hylotelephium cauticola,'Lidakense' Stonecrop,15,IDFW Prop,
Perennial,Hylotelephium telephium,,Hylotelephium telephium,'Touchdown Flame' Stonecrop,1,CWI Hort,
Perennial,Hymenoxys (Tetraneuris) scaposa,,Hymenoxys (Tetraneuris) scaposa,Thrift-leaf Perky Sue,20,HCG,"Drip irrigation only, minimal water"
Perennial,Iberis sempervirens,,Iberis sempervirens,Candy Tuft,4,BSU Hort,
Perennial,Iliamna rivularis,,Iliamna rivularis,Mountain Hollyhock,1,,
Perennial,Iris hybrid,,Iris hybrid,Bearded Iris,12,IBG,
Perennial,Iris sibirica,,Iris sibirica,'Caesar's Brother' Siberian Iris,2,Bluestone Perennials,
Perennial,Kniphofia,,Kniphofia,Pyromania® 'Orange Blaze',1,Andrea,
Perennial,Kniphofia caulescens,,Kniphofia caulescens,Red Hot Poker,6,HCG,"Larger statured, high moisture"
Perennial,Kniphofia uvaria,,Kniphofia uvaria,'Flamenco' Red Hot Poker,3,Walla Walla Nursery Co.,
Perennial,Leucanthemum x superbum,,Leucanthemum x superbum,'Becky' Shasta Daisy,1,Far West,
Perennial,Liatris aspera,,Liatris aspera,Tall Blazing Star,6+,Prairie Moon,Naturalizes
Perennial,Liatris punctata,,Liatris punctata,Dotted Gayfeather,6,Roger's yard,
Perennial,Linum lewisii,,Linum lewisii,Wild Blue Flax,3,IBG,
Perennial,Linum perenne,,Linum perenne,'Sapphire' Blue Flax,6,IDFW Prop,
Perennial,Mirabilis multiflora,,Mirabilis multiflora,Desert Four-o'clock',4,IBG / Propagation,Wait until the first hard frost then remove the entire plant (easily detaches from the ground)
Perennial,Monardella macrantha,,Monardella macrantha,‘Marian Sampson’ Monardella,10,HCG,
Perennial,Nepeta x faassenii,,Nepeta x faassenii,Junior Walker™ Catmint,3,Plants of the Wild,
Perennial,Nepeta x faassenii,,Nepeta x faassenii,'Walker's Low' Catmint,1,Far West,
Perennial,Oenothera caespitosa,,Oenothera caespitosa,Tufted Evening Primrose,8,Far West,
Perennial,Oenothera fremontii,,Oenothera fremontii,'Shimmer' Primrose,4,HCG,
Perennial,Oenothera macrocarpa,,Oenothera macrocarpa,Evening Primrose,6+,Fred Myer's,
Perennial,Opuntia,,Opuntia,Prickly Pear Cactus,4,BSU Hort,
Perennial,Origanum laevigatum,,Origanum laevigatum,'Pilgrim' Oregano,2,HCG,
Perennial,Osteospermum,,Osteospermum,'Mandy' Sun Daisy,1,Edwards,Crevice garden
Perennial,Osteospermum barberiae var. compactum,P005S,Osteospermum barberiae var. compactum 'P005S',PURPLE MOUNTAIN® Sun Daisy,3,"PS Slope, Division",
Perennial,Penstemon,,Penstemon,'Midnight Masquerade',3,Edwards,
Perennial,Penstemon,,Penstemon,'Red Riding Hood' Penstemon,1,Edwards GH,
Perennial,Penstemon barbatus/schmidel,,Penstemon barbatus/schmidel,'Delfts Blue Riding Hood' Penstemon,1,Roots & Rhizomes,
Perennial,Penstemon cardinalis,,Penstemon cardinalis,Cardinal Penstemon,2,IDFW Prop/Seed,Rare in trade
Perennial,Penstemon clutei,,Penstemon clutei,Sunset Crater Penstemon,4,IDFW Prop/Seed,
Perennial,Penstemon cobaea,,Penstemon cobaea,Foxglove Penstemon,1,Far West,
Perennial,Penstemon cobaea v. purpureus,,Penstemon cobaea v. purpureus,Prairie Penstemon,3,IDFW Prop,
Perennial,Penstemon digitalis,,Penstemon digitalis,'Mystica' Penstemon,5,IDFW Prop,
Perennial,Penstemon eatonii,,Penstemon eatonii,Firecracker Penstemon,6+,BSU Hort,
Perennial,Penstemon grandiflorus,,Penstemon grandiflorus,Large-flowered Penstemon,4,IDFW Prop,
Perennial,Penstemon palmeri,,Penstemon palmeri,Palmer Penstemon,6,Seed,Short lived (best from seed)
Perennial,Penstemon pseudospectabilis,,Penstemon pseudospectabilis,Desert Penstemon,3,IDFW Prop,
Perennial,Penstemon strictus,,Penstemon strictus,Rocky Mountain Penstemon,20+,Jayker,
Perennial,Penstemon venustus,,Penstemon venustus,Venus Penstemon,2,,
Perennial,Penstemon virens,,Penstemon virens,Blue Mist Penstemon,3,HCG,Crevice garden
Perennial,Penstemon virens,,Penstemon virens,Blue Mist Penstemon,2,NEON,Plot 5
Perennial,Phlomis cashmeriana,,Phlomis cashmeriana,Cashmere Sage,2,HCG/PS,
Perennial,Rosularia platyphylla,,Rosularia platyphylla,Rosularia,2,CWI Hort,
Perennial,Rudbeckia fulgida,,Rudbeckia fulgida,'Viette's Little Suzy' Black-eyed Susan,5,Walla Walla Nursery Co.,
Perennial,Rudbeckia fulgida v. sullivantii,,Rudbeckia fulgida v. sullivantii,'Little Goldstar' Rudbeckia,7,Roots & Rhizomes,
Perennial,Salvia canescens var. daghestanica,,Salvia canescens var. daghestanica,Platinum® Sage,3,HCG,Crevice garden
Perennial,Salvia greggii,,Salvia greggii,Autumn Sage,4,CWI Hort,The oldest specimen is 'Furman's Red' (behind Baptisia)
Perennial,Salvia nemorosa (sylvestris),,Salvia nemorosa (sylvestris),'Marcus' Dwarf Sage,3,HCG,Crevice garden
Perennial,Sanguisorba menziesii,,Sanguisorba menziesii,Menzies' Burnet,4,HCG,
Perennial,Sanguisorba minor,,Sanguisorba minor,Small Burnet,3,Roger / Propagation,
Perennial,Saponaria officinalis,,Saponaria officinalis,'Flore-Pleno' Double Flowered Soapwort,1,Forest Farm,
Perennial,Saponaria sicula ssp. intermedia,,Saponaria sicula ssp. intermedia,Soapwort,1,Meadow View Farms,
Perennial,Scutellaria angustifolia,,Scutellaria angustifolia,Skullcap,1,Roger,Leave foliage overwinter
Perennial,Scutellaria resinosa,,Scutellaria resinosa,'Smoky Hills' Skullcap,4,IDFW Prop,May naturalize in ideal conditions
Perennial,Scutellaria suffrutescens,,Scutellaria suffrutescens,Cherry Skullcap,1,HCG,Crevice garden
Perennial,Sedum,,Sedum,Sunsparkler® Cherry Tart,1,Far West,
Perennial,Sedum,,Sedum,Sunsparkler® Cherry Tart,4,Andrea,Crevice garden
Perennial,Sedum,,Sedum,Sunsparkler® 'Dazzleberry',1,Andrea,Crevice garden
Perennial,Sedum,,Sedum,Sunsparkler® 'Dazzleberry',3,Andrea,Plot 4
Perennial,Sedum,,Sedum,Sunsparkler® 'Dream Dazzler',1,MCG,
Perennial,Sedum,,Sedum,Sunsparkler® Jade Tuffet,3,Franz Witte,Plot 4
Perennial,Sedum,,Sedum,Sunsparkler® Lime Twister,1,Far West,Plot 4
Perennial,Sedum,,Sedum,Sunsparkler® 'Lime Zinger',3,IDFW,Seating area
Perennial,Sedum,,Sedum,Sunsparkler® 'Lime Zinger',4,IDFW,Plot 3
Perennial,Sedum,,Sedum,Sunsparkler® 'Lime Zinger',1,Far West,Plot 3
Perennial,Sedum,,Sedum,Sunsparkler® 'Plum Dazzled',1,MCG,
Perennial,Sedum,,Sedum,Sunsparkler® 'Plum Dazzled',1,IDFW,Plot 4
Perennial,Sedum,,Sedum,Rock 'N Grow® 'Coraljade' Stonecrop,2,Jordan's GC,
Perennial,Sedum kamtschaticum,,Sedum kamtschaticum,'Variegatum’ Sedum,1,Far West,
Perennial,Sedum kamtschaticum,,Sedum kamtschaticum,'Variegatum’ Sedum,3,IDFW Prop,Plot 4
Perennial,Sedum pachyclados,,Sedum pachyclados,Gray Stonecrop,3,Siskiyou,
Perennial,Sedum reflexum,,Sedum reflexum,'Blue Spruce' Stonecrop,8,Jayker,
Perennial,Sedum seiboldii,,Sedum seiboldii,October Daphne,1,MCG,
Perennial,Sedum seiboldii,,Sedum seiboldii,October Daphne,1,Franz Witte,
Perennial,Sedum telephium,,Sedum telephium,'Red Cauli' Stonecrop,2,IBG,
Perennial,Sedum x intermedia,,Sedum x intermedia,Thunderhead Stonecrop,3,American Medows,
Perennial,Sisyrinchium angustifolium,,Sisyrinchium angustifolium,'Lucerne' Blue-Eyed Grass,1,Far West,Plot 5
Perennial,Solidago sphacelata,,Solidago sphacelata,'Golden Fleece' Goldenrod,2,HCG,
Perennial,Sphaeralcea ambigua,,Sphaeralcea ambigua,Desert Mallow,20+,BSU Hort,Naturalizes
Perennial,Sphaeralcea coccinea,,Sphaeralcea coccinea,Scarlet Globemallow,12,,
Perennial,Sphaeralcea munroana,,Sphaeralcea munroana,Orange Globemallow,4,Roger,
Perennial,Stachys byzantina,,Stachys byzantina,'Silver Carpet' Lamb's Ear,3,HCG,Tolerates dry shade
Perennial,Stachys maxima,,Stachys maxima,Dwarf Pink Lamb's Ear,3,HCG,
Perennial,Stachys monieri,,Stachys monieri,'Hummelo' Lamb's Ear/Betony,3,HCG / Forest Farm,
Perennial,Symphyotrichum lateriflorum,,Symphyotrichum lateriflorum,'Lady in Black' Aster,3,HCG,
Perennial,Symphyotrichum novi-belgii,,Symphyotrichum novi-belgii,'Professor Kippenberg' Aster,2,Jordan's GC,
Perennial,Symphyotrichum oblongifolium,,Symphyotrichum oblongifolium,'Dream of Beauty' Aster,6+,Roots & Rhizomes,Naturalizes
Perennial,Symphyotrichum spathulatum,,Symphyotrichum spathulatum,Western Mountain Aster,1,Plants of the Wild,
Perennial,Thermopsis lupinoides v. lanceolata,,Thermopsis lupinoides v. lanceolata,Bush Pea,2,Forest Farm,
Perennial,Thermopsis montana,,Thermopsis montana,Mountain Golden Banner,1,Far West,Dries out in more xeric conditions
Perennial,Vernonia,,Vernonia,'Prairie Princess' Ironweed,1,Far West,
Perennial,Veronica spicata,,Veronica spicata,'Giles Van Hees' Speedwell,3,Far West,
Perennial,Vinca major,,Vinca major,'Variegata' Periwinkle,10,Far West,"More agressive than V. minor, site carefully, low water"
Perennial,Zauschneria (Epilobium) garrettii,,Zauschneria (Epilobium) garrettii,'Mountain Flame' Hummingbird Trumpet,3+,HCG,
Perennial,Zauschneria (Epilobium) garrettii,,Zauschneria (Epilobium) garrettii,'Orange Carpet' Hummingbird Trumpet,3+,IBG / Propagation,
Shrub,Amelanchier alnifolia,,Amelanchier alnifolia,'Regent' Dwarf Serviceberry,1,Jayker,
Shrub,Arctostaphylos x coloradoensis,,Arctostaphylos x coloradoensis,Colorado Manzanita,1,HCG,"Oil content, limit quantities, be mindful of placement; evergreen"
Shrub,Arctostaphylos x coloradoensis,,Arctostaphylos x coloradoensis,'Panchito' Manzanita,1,INLA,"Oil content, limit quantities, be mindful of placement; evergreen"
Shrub,Artemisia tridentata ssp. tridentata,,Artemisia tridentata ssp. tridentata,Basin Big Sagebrush,3,Existing,"HIZ zone 3 only, limit quantities, very oily"
Shrub,Berberis fendleri,,Berberis fendleri,Fendler's Barberry,2,HCG,"SW US native barberry, rare in trade"
Shrub,Berberis thunbergii ssp. atropurpurea,,Berberis thunbergii ssp. atropurpurea,'Crimson Pygmy' Barberry,1,Far West,
Shrub,Buddleia alternifolia,,Buddleia alternifolia,Fountain Butterfly Bush,2,HCG,
Shrub,Caragana arborescens,,Caragana arborescens,Weeping Siberian Pea Shrub,1,Far West,
Shrub,Caragana microphylla,,Caragana microphylla,'Tidy' Littleleaf Peashrub,1,Ross/PS,
Shrub,Ceanothus americanus,,Ceanothus americanus,New Jersey Tea,1,Prairie Moon,
Shrub,Ceanothus pallidus,,Ceanothus pallidus,'Marie Simon' California Lilac,1,Forest Farm,Pollinator magnet
Shrub,Ceanothus x delilianus,,Ceanothus x delilianus,'Gloire de Versailles' California Lilac,1,Native Sons,Pollinator magnet
Shrub,Cercocarpus intricatus,,Cercocarpus intricatus,Littleleaf Mountain Mahogany,1,HCG,"HIZ zone 3 only, limit quantities, oil content"
Shrub,Cercocarpus ledifolius,,Cercocarpus ledifolius,Curl-leaf Mountain Mahogany,1,Jayker,"HIZ zone 3 only, limit quantities, oil content"
Shrub,Chaenomeles speciosa,,Chaenomeles speciosa,'Spitfire' Flowering Quince,7,Lawyers,
Shrub,Chaenomeles x superba,,Chaenomeles x superba,'Jet Trail' Flowering Quince,4,Forest Farm / Lawyers,
Shrub,Cornus sericea,Kelseyi,Cornus sericea 'Kelseyi',Kelsey's Dwarf Red-Osier Dogwood,3,,
Shrub,Cotoneaster adpressa,,Cotoneaster adpressa,'Praecox' Bearberry,4,Lawyers,
Shrub,Cotoneaster microphyllus v. thymifolius,,Cotoneaster microphyllus v. thymifolius,Thyme-leaf Bearberry,1,OVN,
Shrub,Euonymus alata,,Euonymus alata,'Compacta' Burning Bush,1,Far West,
Shrub,Forsythia x intermedia,,Forsythia x intermedia,'Lynwood Gold' Forsythia,1,Walla Walla Nursery Co.,
Shrub,Forsythia x intermedia,,Forsythia x intermedia,'Sunrise' Forsythia,2,Lawyers,
Shrub,Hesperaloe parviflora,,Hesperaloe parviflora,Red Yucca,3,BSU Hort,
Shrub,Itea virginica,,Itea virginica,Virginia Sweetspire,1,Forest Farm,
Shrub,Jasminum nudiflorum,,Jasminum nudiflorum,Weeping Winter Jasmine,3,HCG,
Shrub,Ligustrum vulgare,,Ligustrum vulgare,'Lodense' Privet,1,Far West,
Shrub,Mahonia repens,,Mahonia repens,Creeping Oregon Grape,6,BSU Hort,
Shrub,Malus sargentii,,Malus sargentii,'Roselow' Crabapple,1,,
Shrub,Philadelphus hybrid,,Philadelphus hybrid,'Belle Etoile' Mock Orange,1,Forest Farm,
Shrub,Philadelphus hybrid,,Philadelphus hybrid,'Buckley's Quill' Mock Orange,3,Forest Farm,Dwarf compact habit with triple bloom
Shrub,Philadelphus lewisii,,Philadelphus lewisii,Mock Orange,1,BSU Hort,"Straight species native, gets quite large"
Shrub,Philadelphus lewisii,,Philadelphus lewisii,'Blizzard' Mockorange,1,Jayker,
Shrub,Philadelphus virginalis,,Philadelphus virginalis,'Minnesota Snowflake' Mock Orange,1,Jayker,
Shrub,Philadelphus x lemoinei,,Philadelphus x lemoinei,'Innocence' Mock Orange,2,Bluestone Perennials,"Fragrant cultivar, exhibits leaf variegation (ours has reverted)"
Shrub,Physocarpus malvaceous,,Physocarpus malvaceous,Mallow Ninebark,1,Jayker,
Shrub,Potentilla fruticosa,,Potentilla fruticosa,'Pink Beauty' Potentilla,1,Far West,
Shrub,Prunus andersonii,,Prunus andersonii,Desert Peach,1,HCG,
Shrub,Prunus emarginata,,Prunus emarginata,Bitter Cherry,3+,"Native, Existing","Naturalizing species, native"
Shrub,Prunus pumila v. besseyi,,Prunus pumila v. besseyi,'Pawnee Buttes' Sand Cherry,1,Jayker,
Shrub,Prunus triloba,,Prunus triloba,Flowering Plum,1,Far West,
Shrub,Purshia tridentata,,Purshia tridentata,Antelope Bitterbrush,2,Existing,"Native, HIZ zone 3 only, oil content"
Shrub,Rhamnus frangula,,Rhamnus frangula,'Ron Williams' Fineline® Buckthorn,1,BSU Hort,
Shrub,Rhus aromatica,,Rhus aromatica,'Gro-Low' Sumac,5,HCG,
Shrub,Rhus trilobata,,Rhus trilobata,'Autumn Amber' Sumac,5,HCG,"Site carefully, covers substantial ground over time. Excellant for slopes and erosion control. Do not overwater once established, sun or dappled shade."
Shrub,Rhus trilobata,,Rhus trilobata,Oak-leaf Sumac,6,UI Pitkin Nursery,"Large specimens, zone 3 only or choose cultivars"
Shrub,Ribes aureum,,Ribes aureum,Golden Currant,3+,BSU Hort,"Native, naturalizes easily"
Shrub,Ribes sanguineum,,Ribes sanguineum,Red-flowering Currant,1,Forest Farm,
Shrub,Rosa,,Rosa,'Nearly Wild' Rose,1,HCG,
Shrub,Rosa,,Rosa,'Harison's Yellow' Rose,1,High Country Roses,
Shrub,Rosa,,Rosa,Oso Easy® Cherry Pie Rose,1,HCG,
Shrub,Rosa,,Rosa,'John Cabot' Rose,8,HCG,
Shrub,Rosa eglanteria,,Rosa eglanteria,Sweet Briar Rose,1,HCG,
Shrub,Rosa woodsii,,Rosa woodsii,Woods' Rose,2,Forest Farm,
Shrub,Rubus lanceolatus,,Rubus lanceolatus,'Black Satin' Raspberry,1,Propagation,
Shrub,Salix elaeagnos ssp. angustifolia,,Salix elaeagnos ssp. angustifolia,Rosemary Willow,2,Propagated,
Shrub,Sambucus caerulea,,Sambucus caerulea,Blue Elderberry,1,,
Shrub,Sambucus nigra,,Sambucus nigra,Black Elderberry,1,BVP,
Shrub,Symphoricarpos albus,,Symphoricarpos albus,Snowberry,2,BSU Hort,
Shrub,Symphoricarpos x doorenbosii,,Symphoricarpos x doorenbosii,'Kolmcan' Snowberry,1,"Gifted, INLA",
Shrub,Syringa hybrid,,Syringa hybrid,'Wonder Blue' Lilac,1,Far West,
Shrub,Syringa vulgaris,,Syringa vulgaris,Lilac,8,UI Pitkin Forest Nursery,
Shrub,Syringa x hyacinthiflora,,Syringa x hyacinthiflora,'Purple Glory' Lilac,1,Lawyers,
Shrub,Viburnum nudum,,Viburnum nudum,Brandywine™ Viburnum,1,Franz Witte,
Shrub,Vitex agnus-castus,,Vitex agnus-castus,Chaste Tree,1,Lawyers,Xeric only
Shrub,Weigela florida,,Weigela florida,Wine & Roses® Weigela,1,D&B,
Shrub,Yucca baccata,,Yucca baccata,Banana Yucca,1,Nich/Edwards,
Shrub,Yucca elata,,Yucca elata,Soaptree Yucca,1,CWI,
Shrub,Yucca filamentosa,,Yucca filamentosa,'Ivory Tower' Yucca,1,Far West,
Shrub,Yucca filamentosa,,Yucca filamentosa,Adam's Needle Yucca,9,Lawyers,
Shrub/Tree,Amelanchier alnifolia,,Amelanchier alnifolia,Serviceberry,1,Jayker,
Shrub/Tree,Chilopsis linearis,,Chilopsis linearis,'Art's Seedless' Desert Willow,1,Mountain States,Remove any winter die-back in late spring
Shrub/Tree,Chilopsis linearis,,Chilopsis linearis,'Bubba' Desert Willow,1,Mountain States,Remove any winter die-back in late spring
Shrub/Tree,Chilopsis linearis,,Chilopsis linearis,'Monhews' Desert Willow,2,HCG,Remove any winter die-back in late spring
Shrub/Tree,Chitalpa,,Chitalpa,El Nino® Desert Orchid,1,Franz Witte,Remove any winter die-back in late spring
Shrub/Tree,Crataegus columbiana,,Crataegus columbiana,Columbia Hawthorn,5,Lawyers,"Fantastic performer, attracts wildlife, nice fall color"
Shrub/Tree,Crataegus douglasii,,Crataegus douglasii,Douglas Hawthorn,4,Jayker,
Tree,Acer tataricum ssp. ginnala,,Acer tataricum ssp. ginnala,Amur Maple,1,BSU Hort,
Tree,Aesculus hippocastanum,,Aesculus hippocastanum,'Braumannii' Horse Chestnut,2,Horticulture,
Tree,Celtis occidentalis,,Celtis occidentalis,Hackberry,1,Jayker,"Native, tough tree"
Tree,Celtis reticulata,,Celtis reticulata,Netleaf Hackberry,5,Existing,
Tree,Larix occidentalis,,Larix occidentalis,Western Larch,4,UI Pitkin Forest Nursery / Lawyers,
Tree,Malus,,Malus,Crabapple,1,,'Prairie Fire' is a likely cultivar
Tree,Quercus fusiformis,,Quercus fusiformis,Escarpment Live Oak,1,Mountain States,"Nice semi-evergreen option for firewise, drought tolerant oak"
Tree,Rhamnus (Frangula) purshiana,,Rhamnus (Frangula) purshiana,Cascara Buckthorn,1,UI Pitkin Forest Nursery,
Tree,Rhus typhina,,Rhus typhina,Staghorn Sumac,6+,Lawyers,
Vine,Akebia quinata,,Akebia quinata,Five-leaf Akebia/Chocolate Vine,1,Edwards GH,
Vine,Bignonia capreolata,,Bignonia capreolata,'Dragon Lady' Crossvine,1,Far West,In front of N Greenhouse
Vine,Campsis x tagliabuana,,Campsis x tagliabuana,'Madame Galen' Trumpet Creeper,1,Walla Walla Nursery Co.,"Volunteers, do not overwater"
Vine,Lathyrus odoratus,,Lathyrus odoratus,Sweet Pea,2,Roger,"Spreads aggressively with H20, in the process of removing more each season"
Vine,Lonicera japonica,,Lonicera japonica,Hall's Japanese Honeysuckle,1,Jayker,
Vine,Lonicera x brownii,,Lonicera x brownii,‘Dropmore Scarlet’ Honeysuckle,1,,
Vine,Parthenocissus quinquefolia,,Parthenocissus quinquefolia,Virginia Creeper,2,Walla Walla Nursery Co.,Watch for invasiveness
Vine,Vitis hybrid,,Vitis hybrid,Grape,1,Walla Walla Nursery Co.,
Vine,Vitis labrusca,,Vitis labrusca,'Concord' Grape,2,Franz Witte,
Vine,Vitis vinifera,,Vitis vinifera,'Purpurea' Grape,3,Walla Walla Nursery Co.,
