id,name,parent_attribute_id,value_type,values_allowed,value_units,notes,selection_type
a8b73bcb-a997-4778-8415-13493a61b40d,Flammability,,text,,,,multi
cc64cf77-ebae-4d70-b500-167fe0577eef,Growth,,text,,,,multi
362695a6-8fe1-44ac-8730-f1921e28025e,Environmental Requirements to Thrive,,text,,,,multi
51f22544-c94b-4f8d-80a4-a249cf9cd281,Water Requirements,,text,,,,multi
c44f3131-fcd6-4fda-bac2-31c7b9a42943,Plant Materials,,text,,,,multi
e36ffed4-02e2-4c8e-b1d1-34906c7b1477,Utility,,text,,,,multi
5d0586f8-c13c-4b52-9507-0f4a4f1f97f8,Nativeness,,text,,,,multi
eb253827-28ef-4fe5-94ba-a299e51bf40b,Invasiveness,,text,,,,multi
eac4b48b-b7d9-4281-a109-4c046d2102ee,Wildlife Values,,text,,,,multi
52c06414-5607-4846-beb5-e4f7cfe6c7f2,Edibility,,text,,,,multi
6ce8435d-6db3-47cb-8b83-9ffd97156834,Soils,,text,,,,multi
0f9a1e6e-ff83-4d7f-988c-5f7c72ae308b,Climate,,text,,,,multi
1f0b604e-8742-49b7-8a35-c3c5c0d0d7f9,Relative Value Matrix,,text,,,,multi
374a88b1-c8e1-45fd-bb76-b9d5efbfb315,Restrictions,a8b73bcb-a997-4778-8415-13493a61b40d,text,,,,multi
34b147da-613b-4df7-8eb9-76fd10e1d7ae,Flammability Notes,a8b73bcb-a997-4778-8415-13493a61b40d,text,,,,multi
2cba404d-a80a-4cfd-abd9-c475237a06ec,Risk Reduction Notes - Best Practices,a8b73bcb-a997-4778-8415-13493a61b40d,text,,,,multi
d996587c-383b-4dc6-a23c-239b7de7e47b,List Choice,a8b73bcb-a997-4778-8415-13493a61b40d,text,"[{""id"": ""01"", ""displayName"": ""Unsuitable""}, {""id"": ""02"", ""displayName"": ""Charisse's list""}, {""id"": ""03"", ""displayName"": ""Conflict""}, {""id"": ""04"", ""displayName"": ""Consider""}]",,,multi
1ddbe951-69ef-4b4b-aa20-75b97cb0207c,Ashland,374a88b1-c8e1-45fd-bb76-b9d5efbfb315,text,"[{""id"": ""01"", ""description"": ""Oregon State listed \\""noxious weed\\"""", ""displayName"": ""NW""}, {""id"": ""02"", ""description"": ""invasive in several states, or nationally/globally listed"", ""displayName"": ""Weed""}, {""id"": ""03"", ""description"": ""prohibit within 10 ft of buildings"", ""displayName"": ""P10""}, {""id"": ""04"", ""description"": ""prohibit within 30 ft of buildings"", ""displayName"": ""P30""}, {""id"": ""05"", ""description"": ""prohibit within 50 ft of buildings"", ""displayName"": ""P50""}, {""id"": ""06"", ""description"": ""prohibit within 100 ft of buildings"", ""displayName"": ""P100""}, {""id"": ""07"", ""description"": ""prohibit because it is harmful to humans, the environment or infrastructure"", ""displayName"": ""PH""}]",,"NW=Oregon State listed ""noxious weed""\nWeed=invasive in several states, or nationally/globally listed\nP10=prohibit within 10 ft of buildings\nP30=prohibit within 30 ft of buildings\nP50=prohibit within 50 ft of buildings\nP100=prohibit within 100 ft of buildings\nPH=prohibit because it is harmful to humans, the environment or infrastructure",multi
3df9f7a5-d059-43e6-80be-8da66f939658,Tree,70dcbd81-352d-4678-8d8a-f3bd51f1bab6,text,,,,multi
e2ff3033-87bb-4a90-8d61-d3ab26b465e8,Trees & Shrubs,70dcbd81-352d-4678-8d8a-f3bd51f1bab6,text,,,,multi
786168ee-7117-40eb-96c2-e6ef296db480,"G, GE, A, B, or PE, PD",70dcbd81-352d-4678-8d8a-f3bd51f1bab6,text,,,,multi
5160e10a-ef16-4d07-9a5a-87d3d89306da,Vine,70dcbd81-352d-4678-8d8a-f3bd51f1bab6,text,,,,multi
82f68242-238f-4567-bb47-90da80b5c338,Groundcover,b2150aec-75ac-4b4b-aeb1-c339c5da563c,boolean,,,,single
d5673c20-6fb7-49e3-b7e3-d056caf8d205,Tree,b2150aec-75ac-4b4b-aeb1-c339c5da563c,boolean,,,,single
70dcbd81-352d-4678-8d8a-f3bd51f1bab6,Character Score,a8b73bcb-a997-4778-8415-13493a61b40d,numeric,,,1-2 = plant 0 (P0)\n3-4 = plant 5-10 (P5)\n5-8 = plant 10+ (P10)\n9-12 = plant 10-30 sparsely (P10S)\n13-16 = plant 30+ (P30)\n17+ = plant 50+ (P50)\n20+ = plant 100+ or (P100)\nNW = don't plant anywhere!\nNA = not applicable,single
b908b170-70c9-454d-a2ed-d86f98cb3de1,Home Ignition Zone (HIZ),a8b73bcb-a997-4778-8415-13493a61b40d,text,"[{""id"": ""01"", ""displayName"": ""0-5""}, {""id"": ""02"", ""displayName"": ""5-10""}, {""id"": ""03"", ""displayName"": ""10-30""}, {""id"": ""04"", ""displayName"": ""30-100""}, {""id"": ""05"", ""description"": ""Idaho ascribes fire-resistant plants to this area. No other source does this."", ""displayName"": ""50-100""}]",ft,,multi
3e52ddf8-f4f2-4c32-8042-69c5cbdb82ae,Deciduous trees,70dcbd81-352d-4678-8d8a-f3bd51f1bab6,boolean,,,,single
505b81d5-3365-45c4-aba3-d54c2bfbe040,<2 ft tall,70dcbd81-352d-4678-8d8a-f3bd51f1bab6,boolean,,,,single
5f11cb61-48a2-4206-8c05-16d8a041d148,Zone 0-5 plants,70dcbd81-352d-4678-8d8a-f3bd51f1bab6,boolean,,,,single
6a5af453-8153-45a3-9c44-96026380bf60,Conifer or evergreen tree,70dcbd81-352d-4678-8d8a-f3bd51f1bab6,boolean,,,,single
e32c3e99-769e-415a-92c2-f1a55de653af,Evergreen shrub,70dcbd81-352d-4678-8d8a-f3bd51f1bab6,boolean,,,,single
ff6580ef-36c4-4de6-9889-ef804256f67b,Broadleaf or deciduous shrub,70dcbd81-352d-4678-8d8a-f3bd51f1bab6,boolean,,,,single
ccadc23a-540a-4e98-98e3-e7b6a24b9d4b,Graminoid,70dcbd81-352d-4678-8d8a-f3bd51f1bab6,text,,,,multi
d83ac908-eaf7-4503-98ef-2b9a607215a6,All plants,70dcbd81-352d-4678-8d8a-f3bd51f1bab6,text,,,,multi
f2ed9581-6d15-47ff-93c0-4259bccce5e1,Evergreen,b2150aec-75ac-4b4b-aeb1-c339c5da563c,boolean,,,,single
0d93c859-ee40-4c18-8824-02d9cd630316,Bloom & Flower,cc64cf77-ebae-4d70-b500-167fe0577eef,text,,,,multi
18efd95f-eeb5-418d-be0e-3f855943d200,Growth List Choice,cc64cf77-ebae-4d70-b500-167fe0577eef,text,"[{""id"": ""01"", ""displayName"": ""Conflict""}, {""id"": ""02"", ""displayName"": ""Agree Growth?""}, {""id"": ""03"", ""displayName"": ""Consider""}]",,,multi
f1108fb9-e629-4be3-99c1-bdae47ce0cf7,Graminoid,b2150aec-75ac-4b4b-aeb1-c339c5da563c,boolean,,,,single
ee35a2f2-7c12-47ea-8486-bdb34118d639,Perennial or Fern,b2150aec-75ac-4b4b-aeb1-c339c5da563c,boolean,,,,single
44eb0587-a50b-4912-a68a-07bb56458f3f,18,d83ac908-eaf7-4503-98ef-2b9a607215a6,text,"[{""id"": ""01"", ""displayName"": ""1""}, {""id"": ""02"", ""displayName"": ""2""}, {""id"": ""03"", ""displayName"": ""3""}]",,"Retains dead twigs, leaves, pods, petioles, etc. > 2 1, 2, or 3",multi
c6e248cc-e70d-4ba3-bbb6-73cc27c333ea,20,d83ac908-eaf7-4503-98ef-2b9a607215a6,text,"[{""id"": ""01"", ""displayName"": ""1""}]",,Leaves have waxy coating 1,multi
f1b6ab0e-d627-4dea-829d-c8d9fb64c54c,22A,d83ac908-eaf7-4503-98ef-2b9a607215a6,text,"[{""id"": ""01"", ""displayName"": ""1""}, {""id"": ""02"", ""displayName"": ""2""}]",,Not adapted to the local climate or requires a lot of water to remain alive,multi
fa0f9e5a-9dbd-4651-b8f6-a0f415dd0b77,22B,d83ac908-eaf7-4503-98ef-2b9a607215a6,text,"[{""id"": ""01"", ""displayName"": ""1""}, {""id"": ""02"", ""displayName"": ""2""}]",,"Seriously susceptible to disease, pests, or drought 1 or 2",multi
e18737dd-fc4c-4fcf-996f-64eb2d70faa2,22C,d83ac908-eaf7-4503-98ef-2b9a607215a6,text,"[{""id"": ""01"", ""displayName"": ""1""}, {""id"": ""02"", ""displayName"": ""2""}, {""id"": ""03"", ""displayName"": ""3""}]",,"Has invasive qualities or can harm natural ecosystems, infrastructure, or humans 1, 2, or 3",multi
584a3a55-2204-4b33-a014-7f54ec2cff45,3,d83ac908-eaf7-4503-98ef-2b9a607215a6,text,"[{""id"": ""01"", ""displayName"": ""1""}, {""id"": ""02"", ""displayName"": ""2""}, {""id"": ""03"", ""displayName"": ""3""}, {""id"": ""04"", ""displayName"": ""4""}]",,"Resin/volatiles present 1, 2, 3, or 4",multi
ea58e4fe-f309-4c06-a419-bfa560f207d3,11A,786168ee-7117-40eb-96c2-e6ef296db480,text,"[{""id"": ""01"", ""displayName"": ""1""}, {""id"": ""02"", ""displayName"": ""2""}]",,Evergreen or has thin or fine leaves 1 or 2,multi
804db857-72bd-4667-a074-74fa373d2b9c,11B,786168ee-7117-40eb-96c2-e6ef296db480,text,"[{""id"": ""01"", ""displayName"": ""1""}, {""id"": ""02"", ""displayName"": ""2""}, {""id"": ""03"", ""displayName"": ""3""}]",,"Growth: dense 2 moderate 1 spreading 1, 2, or 3",multi
9dcadec7-78dd-46ee-b079-2faed89dee0b,16,ccadc23a-540a-4e98-98e3-e7b6a24b9d4b,text,"[{""id"": ""01"", ""displayName"": ""4""}, {""id"": ""02"", ""displayName"": ""5""}, {""id"": ""03"", ""displayName"": ""6""}]",,"Grass is > 2' tall, retains dead matter, or turns yellow or brown 4, 5, or 6",multi
c4214397-b8d9-4a05-9407-9c7bd7cc2e24,15,5160e10a-ef16-4d07-9a5a-87d3d89306da,text,"[{""id"": ""01"", ""displayName"": ""2""}, {""id"": ""02"", ""displayName"": ""3""}, {""id"": ""03"", ""displayName"": ""4""}]",,"Arrows 1, 2, 3, or 4",multi
35a44caa-9c26-4d26-8c7d-0fe6924ff0e4,5,3df9f7a5-d059-43e6-80be-8da66f939658,text,"[{""id"": ""01"", ""displayName"": ""1""}, {""id"": ""02"", ""displayName"": ""2""}, {""id"": ""03"", ""displayName"": ""3""}]",,"Sheds a lot of needles, leaves, branches, bark, flowers, seed pods, or other matter 1, 2, or 3",multi
053ec6c0-1330-4608-933b-061d16d58315,11,e2ff3033-87bb-4a90-8d61-d3ab26b465e8,text,"[{""id"": ""01"", ""displayName"": ""1""}, {""id"": ""02"", ""displayName"": ""2""}]",,Has thin or fine leaves 1 or 2 Growth form density: dense 2 moderate 1,multi
31de65e9-c9e1-465b-afe6-93b3e28224e4,13,e2ff3033-87bb-4a90-8d61-d3ab26b465e8,text,"[{""id"": ""01"", ""displayName"": ""1""}, {""id"": ""02"", ""displayName"": ""2""}, {""id"": ""03"", ""displayName"": ""3""}]",,"Evergreen or has thin or fine leaves 1 or 2 Growth: dense 2 moderate 1 spreading 1, 2, or 3",multi
0e4faff5-7cff-4eb9-aac1-e23f2a9bf9ec,7,e2ff3033-87bb-4a90-8d61-d3ab26b465e8,text,"[{""id"": ""01"", ""displayName"": ""1""}, {""id"": ""02"", ""displayName"": ""2""}, {""id"": ""03"", ""displayName"": ""3""}]",,"Multiple stems or branches < 4' above ground 1, 2, or 3",multi
f2b3dbce-3d74-449e-9c9f-d246198e015a,9,e2ff3033-87bb-4a90-8d61-d3ab26b465e8,text,"[{""id"": ""01"", ""displayName"": ""1""}]",,"Trunk/stem has papery or shreddy bark, or thorns 1",multi
7a34c095-d01d-494e-8b30-55a8cd386790,Bark,b2150aec-75ac-4b4b-aeb1-c339c5da563c,text,"[{""id"": ""01"", ""description"": ""Peeling/exfoliating"", ""displayName"": ""P""}, {""id"": ""02"", ""description"": ""Flaky"", ""displayName"": ""F""}, {""id"": ""03"", ""description"": ""Smooth"", ""displayName"": ""S""}, {""id"": ""04"", ""description"": ""Spines or thorns"", ""displayName"": ""Sp""}]",,,multi
fee87734-db6e-4c92-926f-bb606f529b6d,Deciduous,b2150aec-75ac-4b4b-aeb1-c339c5da563c,boolean,,,,single
eeb535dd-082e-45f9-8799-455903d0362e,Semi-evergreen,b2150aec-75ac-4b4b-aeb1-c339c5da563c,boolean,,,,single
937ecd33-9dad-4cfb-b49c-33b28bdf3037,Annual herb,b2150aec-75ac-4b4b-aeb1-c339c5da563c,boolean,,,,single
7632a8a3-a9b8-4e35-8e8c-e3f9ccca9c0e,Succulent,b2150aec-75ac-4b4b-aeb1-c339c5da563c,boolean,,,,single
eb566f0c-de5c-4981-9060-8ece5ab85997,Vine,b2150aec-75ac-4b4b-aeb1-c339c5da563c,boolean,,,,single
ef9be401-1500-471b-bf8f-b11936d6d047,Shrub,b2150aec-75ac-4b4b-aeb1-c339c5da563c,boolean,,,,single
9caeaf11-007f-425d-8200-84d4116b8b53,Chemical content,b2150aec-75ac-4b4b-aeb1-c339c5da563c,text,"[{""id"": ""01"", ""description"": ""Resins and gums"", ""displayName"": ""R""}, {""id"": ""02"", ""description"": ""Volatile oils"", ""displayName"": ""V""}, {""id"": ""03"", ""description"": ""Salts"", ""displayName"": ""S""}, {""id"": ""04"", ""description"": ""Latex"", ""displayName"": ""L""}]",,,multi
48625aa4-12ab-47fb-b01b-623f7140e88f,Plant Size,cc64cf77-ebae-4d70-b500-167fe0577eef,text,,,,multi
b2150aec-75ac-4b4b-aeb1-c339c5da563c,Plant Structure,cc64cf77-ebae-4d70-b500-167fe0577eef,text,,,,multi
86a2bdd0-c389-43a5-8454-c634c56f9ee1,Water Needs,51f22544-c94b-4f8d-80a4-a249cf9cd281,text,,,,multi
c0f9bad4-f164-4e72-ac47-a1abcfc57d33,Plant Height,48625aa4-12ab-47fb-b01b-623f7140e88f,text,,,,multi
df410a6a-8827-4908-9083-70e93f4f79bd,Plant Width,48625aa4-12ab-47fb-b01b-623f7140e88f,text,,,,multi
7692e4d8-9e4d-42b2-bdf3-5b386feeecfb,Max Mature Height,c0f9bad4-f164-4e72-ac47-a1abcfc57d33,numeric,,ft,,single
5d642c32-436d-4075-bbb9-39794bae07d1,Min Mature Height,c0f9bad4-f164-4e72-ac47-a1abcfc57d33,numeric,,ft,,single
8643e98d-2970-439f-b93e-b4d3239e289e,Min Mature Width,df410a6a-8827-4908-9083-70e93f4f79bd,numeric,,ft,,single
75fdd111-5a66-4319-94b0-1461f7114834,Max Mature Width,df410a6a-8827-4908-9083-70e93f4f79bd,numeric,,ft,,single
716f3d8f-195f-4d16-824b-6dd1e88767a6,Native Status,5d0586f8-c13c-4b52-9507-0f4a4f1f97f8,text,"[{""id"": ""01"", ""displayName"": ""Oregon""}, {""id"": ""02"", ""displayName"": ""S. Oregon""}, {""id"": ""03"", ""displayName"": ""Naturalized""}, {""id"": ""04"", ""displayName"": ""Coastal Oregon""}, {""id"": ""05"", ""displayName"": ""California""}]",,,multi
53aedc01-99c6-4115-903b-7db799966427,Drought Tolerant List Choice,51f22544-c94b-4f8d-80a4-a249cf9cd281,text,"[{""id"": ""01"", ""displayName"": ""Conflict""}, {""id"": ""02"", ""displayName"": ""Agree low water?""}, {""id"": ""03"", ""displayName"": ""Yes""}]",,,multi
bacadba3-a4f8-4550-9906-6b5535a619b6,Invasive (Calculated),eb253827-28ef-4fe5-94ba-a299e51bf40b,text,,,Calculated from Invasive Qualities.,multi
009ab722-f032-431f-ae53-3b82e5f03ece,Easy to Grow List Choice,c44f3131-fcd6-4fda-bac2-31c7b9a42943,text,"[{""id"": ""01"", ""displayName"": ""Conflict""}, {""id"": ""02"", ""displayName"": ""Easy to grow?""}, {""id"": ""03"", ""displayName"": ""Yes""}]",,,multi
055d0d05-6927-4ed4-b16c-894fe54d77e0,Landscape Use,e36ffed4-02e2-4c8e-b1d1-34906c7b1477,text,"[{""id"": ""01"", ""displayName"": ""Conflict""}, {""id"": ""02"", ""displayName"": ""Agree on screen?""}, {""id"": ""03"", ""displayName"": ""Yes""}]",,,multi
284b2037-fef8-4b88-abd4-5387a4901109,Invasive,eb253827-28ef-4fe5-94ba-a299e51bf40b,text,"[{""id"": ""01"", ""displayName"": ""Conflict""}, {""id"": ""02"", ""displayName"": ""Agree invasive?""}]",,,multi
292e690a-a647-4a4d-b7c3-3839891036c0,Ease of Growth,c44f3131-fcd6-4fda-bac2-31c7b9a42943,text,"[{""id"": ""01"", ""displayName"": ""Easy""}, {""id"": ""02"", ""displayName"": ""Moderate""}, {""id"": ""03"", ""displayName"": ""Difficult""}, {""id"": ""04"", ""displayName"": ""Adapted to S. OR""}]",,,multi
5869125b-0b28-4f70-92b9-6e5caa79c1fe,Water Season,86a2bdd0-c389-43a5-8454-c634c56f9ee1,text,"[{""id"": ""01"", ""displayName"": ""Winter""}, {""id"": ""02"", ""displayName"": ""Spring""}, {""id"": ""03"", ""displayName"": ""Extra in Summer""}, {""id"": ""04"", ""displayName"": ""Fall""}]",,,multi
6e67ce02-b338-40f2-a257-87848ca245ef,Lawn replace,e36ffed4-02e2-4c8e-b1d1-34906c7b1477,text,"[{""id"": ""01"", ""displayName"": ""Yes""}, {""id"": ""02"", ""displayName"": ""Oregon Flora""}, {""id"": ""03"", ""displayName"": ""Consider""}]",,,multi
7096a9cc-3435-4e14-a1c4-eb9e95f0850f,Light Needs,362695a6-8fe1-44ac-8730-f1921e28025e,text,"[{""id"": ""01"", ""description"": ""Prefers full sun 6 or more hours/day"", ""displayName"": ""Full Sun""}, {""id"": ""02"", ""displayName"": ""Part Sun/Part Shade""}, {""id"": ""03"", ""description"": ""Prefers full shade (6 or more hours). Avoid afternoon sun."", ""displayName"": ""Shade""}]",,,multi
86a95833-886a-42bf-b149-c3754e9d913a,Flower Color,0d93c859-ee40-4c18-8824-02d9cd630316,text,"[{""id"": ""01"", ""displayName"": ""White/Cream/Green""}, {""id"": ""02"", ""displayName"": ""Yellow/Gold""}, {""id"": ""03"", ""displayName"": ""Orange""}, {""id"": ""04"", ""displayName"": ""Pink, Rose, Red, Brown""}, {""id"": ""05"", ""displayName"": ""Purple/Lavender""}, {""id"": ""06"", ""displayName"": ""Blue""}]",,,multi
94a1c46e-8d0c-4a8b-b951-09ee6b04a43e,Availability,c44f3131-fcd6-4fda-bac2-31c7b9a42943,text,"[{""id"": ""01"", ""displayName"": ""High""}, {""id"": ""02"", ""displayName"": ""Low""}, {""id"": ""03"", ""displayName"": ""None""}]",,,single
a0900c7f-3bb3-4757-9dec-075f718c8f3e,Invasive Qualities,eb253827-28ef-4fe5-94ba-a299e51bf40b,text,"[{""id"": ""01"", ""displayName"": ""Invasive""}, {""id"": ""02"", ""displayName"": ""Noxious weed""}, {""id"": ""03"", ""displayName"": ""Invades wetlands""}]",,,multi
ca684872-8841-420e-a85b-b6d247b5b96e,Bloom Time,0d93c859-ee40-4c18-8824-02d9cd630316,text,"[{""id"": ""01"", ""displayName"": ""Spring (Apr-Jun)""}, {""id"": ""02"", ""displayName"": ""Summer (Jul-Sep)""}, {""id"": ""03"", ""displayName"": ""Fall (Oct-Dec)""}, {""id"": ""04"", ""displayName"": ""Winter (Jan-Mar)""}]",,,multi
d13b7437-6f18-4da9-8c3b-8d5c377000db,Enviro List Choice,362695a6-8fe1-44ac-8730-f1921e28025e,text,"[{""id"": ""01"", ""displayName"": ""Conflict""}, {""id"": ""02"", ""displayName"": ""Agree on Needs?""}, {""id"": ""03"", ""displayName"": ""Consider""}]",,,multi
d5fb9f61-41dd-4e4e-bc5e-47eb24ecab46,Oregon Native,5d0586f8-c13c-4b52-9507-0f4a4f1f97f8,text,"[{""id"": ""01"", ""displayName"": ""Conflict""}, {""id"": ""02"", ""displayName"": ""Agree natives?""}, {""id"": ""03"", ""displayName"": ""Yes""}]",,,multi
de8e2a8a-0a69-484b-a3e3-097b68403b17,Flower Smell,0d93c859-ee40-4c18-8824-02d9cd630316,text,"[{""id"": ""01"", ""displayName"": ""Fragrant""}, {""id"": ""02"", ""displayName"": ""Fire volatiles?""}, {""id"": ""03"", ""displayName"": ""None""}]",,,multi
f3e261e1-2dc8-4abb-8665-3b4cf6521fc6,Erosion Control List Choice,e36ffed4-02e2-4c8e-b1d1-34906c7b1477,text,"[{""id"": ""01"", ""displayName"": ""Conflict""}, {""id"": ""02"", ""displayName"": ""Agree erosion?""}, {""id"": ""03"", ""displayName"": ""Yes""}]",,,multi
67ad0f8a-d60d-4894-a5d0-7d04942f8159,Nurseries,c44f3131-fcd6-4fda-bac2-31c7b9a42943,text,,,Nurseries that Carry this plant.,multi
693acb4c-d593-4168-9a01-6f934933bd8a,Erosion control,e36ffed4-02e2-4c8e-b1d1-34906c7b1477,boolean,,,,single
f0b45dc9-ee00-479a-8181-b4fda01f5233,Hardiness Zone,362695a6-8fe1-44ac-8730-f1921e28025e,text,"[{""id"": ""01"", ""displayName"": ""4""}, {""id"": ""02"", ""displayName"": ""5""}, {""id"": ""03"", ""displayName"": ""6""}, {""id"": ""04"", ""displayName"": ""7""}, {""id"": ""05"", ""displayName"": ""8""}, {""id"": ""06"", ""displayName"": ""9""}]",,Hardiness Zones 4-9,multi
af3e70d2-dc9c-4027-a09f-15d7d8b0dd10,Drought Tolerant,51f22544-c94b-4f8d-80a4-a249cf9cd281,text,"[{""id"": ""01"", ""displayName"": ""Low""}, {""id"": ""02"", ""displayName"": ""Medium""}, {""id"": ""03"", ""displayName"": ""High""}]",,,multi
b1000001-0001-4000-8000-000000000008,Has Erosion Control,1f0b604e-8742-49b7-8a35-c3c5c0d0d7f9,text,,,"Calculated: 1 if plant has Erosion Control value, 0 otherwise. Source: f3e261e1-2dc8-4abb-8665-3b4cf6521fc6",single
e8686d2e-fe16-440e-bc70-af4a0328cd05,Wildlife Sum (Calculated),eac4b48b-b7d9-4281-a109-4c046d2102ee,text,,,,multi
e4fc1511-f6ea-46c7-b2c6-b7869d5dc7e9,Climate Vulnerable,0f9a1e6e-ff83-4d7f-988c-5f7c72ae308b,boolean,,,,single
ff75e529-5b5c-4461-8191-0382e33a4bd5,Benefits,eac4b48b-b7d9-4281-a109-4c046d2102ee,text,"[{""id"": ""01"", ""displayName"": ""Pollinator friendly""}, {""id"": ""02"", ""displayName"": ""Pollinator host""}, {""id"": ""03"", ""displayName"": ""Pollinator food""}, {""id"": ""04"", ""displayName"": ""Bird shelter""}, {""id"": ""05"", ""displayName"": ""Bird food plant""}, {""id"": ""06"", ""displayName"": ""Bat""}, {""id"": ""07"", ""displayName"": ""Other wildlife""}]",,,multi
3efab83c-62fe-45d8-82c2-133f6e6ef6f3,22D,d83ac908-eaf7-4503-98ef-2b9a607215a6,text,"[{""id"": ""01"", ""displayName"": ""3""}, {""id"": ""02"", ""displayName"": ""4""}, {""id"": ""03"", ""displayName"": ""5""}]",,"Considered a noxious weed in Oregon or on federal invasive species lists 3, 4, or 5",multi
1b3ac1d2-3de1-479d-a472-1db3572971e7,Soils List Choice,6ce8435d-6db3-47cb-8b83-9ffd97156834,text,"[{""id"": ""01"", ""displayName"": ""Conflict""}, {""id"": ""02"", ""displayName"": ""Agree on soil?""}, {""id"": ""03"", ""displayName"": ""Recommend""}]",,,multi
2cd5ffd7-10f1-431d-945e-064bcfd2c195,Climate List Choice,0f9a1e6e-ff83-4d7f-988c-5f7c72ae308b,text,"[{""id"": ""01"", ""displayName"": ""Conflict""}, {""id"": ""02"", ""displayName"": ""Agree on climate?""}, {""id"": ""03"", ""displayName"": ""Recommend""}]",,,multi
3716c310-ee59-4a31-a7c4-ad86dabfc82a,Border & Screening Use,e36ffed4-02e2-4c8e-b1d1-34906c7b1477,text,"[{""id"": ""01"", ""displayName"": ""Border row""}, {""id"": ""02"", ""displayName"": ""Low Hedgerow""}, {""id"": ""03"", ""displayName"": ""Tall Hedgerow""}, {""id"": ""04"", ""displayName"": ""Hedge or Screen""}, {""id"": ""05"", ""description"": ""Is it appropriate to promote 'layering'? We don't want to create fuel ladders."", ""displayName"": ""Layering""}, {""id"": ""06"", ""displayName"": ""Shade""}, {""id"": ""07"", ""displayName"": ""Windbreak""}, {""id"": ""08"", ""displayName"": ""Thicket forming""}, {""id"": ""09"", ""displayName"": ""Lawn replacement""}, {""id"": ""10"", ""displayName"": ""Container Plant""}, {""id"": ""11"", ""displayName"": ""Wildflower Mix""}]",,,multi
cba229ad-e004-4ece-ac5b-f2bb3ac0c6a5,Edible Plant List Choice,52c06414-5607-4846-beb5-e4f7cfe6c7f2,text,"[{""id"": ""01"", ""displayName"": ""Conflict""}, {""id"": ""02"", ""displayName"": ""Agree natives?""}, {""id"": ""03"", ""displayName"": ""Consider""}]",,,multi
b1000001-0001-4000-8000-000000000015,Value Sum Total,1f0b604e-8742-49b7-8a35-c3c5c0d0d7f9,text,,,Calculated: Sum of all Value Sum components.,single
dab353f5-defe-4f12-9a3a-f2f7d9aef428,Wildlife Sum,eac4b48b-b7d9-4281-a109-4c046d2102ee,text,"[{""id"": ""01"", ""displayName"": ""Conflict""}, {""id"": ""02"", ""displayName"": ""Agree natives?""}]",,,multi
ff4c4d0e-35d5-4804-aea3-2a6334ef8cb5,Deer Resistance,eac4b48b-b7d9-4281-a109-4c046d2102ee,text,"[{""id"": ""01"", ""displayName"": ""Conflict""}, {""id"": ""02"", ""displayName"": ""Agree on deer resistance?""}, {""id"": ""03"", ""displayName"": ""Some""}, {""id"": ""04"", ""displayName"": ""High (Usually)""}, {""id"": ""05"", ""displayName"": ""Very High""}]",,,multi
4afa9fb3-dd3c-4f46-bd99-5b584dc10605,Edible Plant,52c06414-5607-4846-beb5-e4f7cfe6c7f2,boolean,,,,single
e98c730f-2d20-45bb-9211-6631354944a9,Improves Soil Health,6ce8435d-6db3-47cb-8b83-9ffd97156834,boolean,,,,single
d9174148-6563-4f92-9673-01feb6a529ce,Water Amount,86a2bdd0-c389-43a5-8454-c634c56f9ee1,text,"[{""id"": ""01"", ""description"": ""High water use plants that does well with regular irrigation."", ""displayName"": ""High""}, {""id"": ""02"", ""description"": ""Moderate water use plant that does well with supplemental irrigation."", ""displayName"": ""Moderate""}, {""id"": ""03"", ""description"": ""Moderate to low water use plant."", ""displayName"": ""Mod-Low""}, {""id"": ""04"", ""description"": ""Low water use plant that does well with minimal supplemental irrigation."", ""displayName"": ""Low""}, {""id"": ""05"", ""description"": ""Very low water use plant that performs well on dry sites."", ""displayName"": ""Very Low""}]",,,multi
b1000001-0001-4000-8000-000000000009,Invasive Component,1f0b604e-8742-49b7-8a35-c3c5c0d0d7f9,text,,,Calculated: Invasive value (0 to -3). Source: bacadba3-a4f8-4550-9906-6b5535a619b6,single
b1000001-0001-4000-8000-000000000010,Has Soils Rating,1f0b604e-8742-49b7-8a35-c3c5c0d0d7f9,text,,,"Calculated: 1 if plant has Soils List Choice value, 0 otherwise. Source: 1b3ac1d2-3de1-479d-a472-1db3572971e7",single
b1000001-0001-4000-8000-000000000011,Has Availability,1f0b604e-8742-49b7-8a35-c3c5c0d0d7f9,text,,,"Calculated: 1 if plant has Availability value, 0 otherwise. Source: 94a1c46e-8d0c-4a8b-b951-09ee6b04a43e",single
b1000001-0001-4000-8000-000000000012,Has Easy to Grow,1f0b604e-8742-49b7-8a35-c3c5c0d0d7f9,text,,,"Calculated: 1 if plant has Easy to Grow value, 0 otherwise. Source: 009ab722-f032-431f-ae53-3b82e5f03ece",single
b1000001-0001-4000-8000-000000000013,Has Edible Plant,1f0b604e-8742-49b7-8a35-c3c5c0d0d7f9,text,,,"Calculated: 1 if plant has Edible Plant value, 0 otherwise. Source: cba229ad-e004-4ece-ac5b-f2bb3ac0c6a5",single
b1000001-0001-4000-8000-000000000014,Has Climate Rating,1f0b604e-8742-49b7-8a35-c3c5c0d0d7f9,text,,,"Calculated: 1 if plant has Climate List Choice value, 0 otherwise. Source: 2cd5ffd7-10f1-431d-945e-064bcfd2c195",single
eebb5a89-20be-4338-adfb-91c829201909,Leaf Structure,b2150aec-75ac-4b4b-aeb1-c339c5da563c,text,"[{""id"": ""01"", ""description"": ""Broadleaf"", ""displayName"": ""B""}, {""id"": ""02"", ""description"": ""Needle"", ""displayName"": ""N""}, {""id"": ""03"", ""description"": ""Smallish"", ""displayName"": ""S""}, {""id"": ""04"", ""description"": ""Feathery"", ""displayName"": ""F""}, {""id"": ""05"", ""description"": ""Slender"", ""displayName"": ""Sl""}, {""id"": ""06"", ""description"": ""Thick"", ""displayName"": ""T""}, {""id"": ""07"", ""description"": ""Thin"", ""displayName"": ""Th""}, {""id"": ""08"", ""description"": ""Waxy"", ""displayName"": ""W""}, {""id"": ""09"", ""description"": ""L-TBD"", ""displayName"": ""L""}, {""id"": ""10"", ""description"": ""G-TBD"", ""displayName"": ""G""}]",,,multi
ce4ce677-b02f-4d7d-b7f3-10052b65c03a,Habit/Form,b2150aec-75ac-4b4b-aeb1-c339c5da563c,text,"[{""id"": ""01"", ""description"": ""Arching/drooping"", ""displayName"": ""A""}, {""id"": ""02"", ""description"": ""Erect"", ""displayName"": ""E""}, {""id"": ""03"", ""description"": ""Dense (difficult to place your hand in the plant & touch the main stem)"", ""displayName"": ""D""}, {""id"": ""04"", ""description"": ""Moderate (can't see the main stem but can readily reach it)"", ""displayName"": ""M""}, {""id"": ""05"", ""description"": ""Multibranched or stems"", ""displayName"": ""Mx""}, {""id"": ""06"", ""description"": ""Open or sparse (has an open branching pattern)"", ""displayName"": ""O""}, {""id"": ""07"", ""description"": ""Open or sparse (has an open branching pattern)"", ""displayName"": ""S""}, {""id"": ""08"", ""description"": ""Spreading"", ""displayName"": ""Sp""}, {""id"": ""09"", ""description"": ""Clumping"", ""displayName"": ""C""}, {""id"": ""10"", ""description"": ""Mounding"", ""displayName"": ""Mo""}, {""id"": ""11"", ""description"": ""Fine texture (feathery overall)"", ""displayName"": ""F""}, {""id"": ""12"", ""description"": ""W-TBD"", ""displayName"": ""W""}]",,"Researchers disagree on whether plant density reduces or increases its flammability. A dense plant has a higher amount of fuel, but an open plant is better aerated. The key is the condition of the leaves and amount of dead matter in the plant.",multi
32db8c6c-f842-421d-90e6-e0fd231fc39e,Idaho Database--minimum planting distance in feet on flat terrain,a8b73bcb-a997-4778-8415-13493a61b40d,text,"[{""id"": ""01"", ""idaho-zone"": ""1"", ""description"": ""Flammability score of 10 is the best flammability score possible. Idaho assigns to their Zone 1"", ""displayName"": ""10+""}, {""id"": ""02"", ""idaho-zone"": ""1"", ""description"": ""Scored a 9 - second best. Idaho assigns to their Zone 1"", ""displayName"": ""20+""}, {""id"": ""03"", ""idaho-zone"": ""1"", ""description"": ""Scored an 8. Idaho assigns to their Zone 1"", ""displayName"": ""30+""}, {""id"": ""04"", ""idaho-zone"": ""2"", ""description"": ""Scored a 7. Idaho assigns to their Zone 2"", ""displayName"": ""40+""}, {""id"": ""05"", ""idaho-zone"": ""2"", ""description"": ""Scored 6. Idaho assigns to their Zone 2"", ""displayName"": ""50+""}, {""id"": ""06"", ""idaho-zone"": ""2"", ""description"": ""Scored a 5. Idaho assigns to their Zone 2"", ""displayName"": ""60+""}, {""id"": ""07"", ""idaho-zone"": ""3"", ""description"": ""Scored a 4. Idaho assigns to their Zone 3"", ""displayName"": ""70+""}, {""id"": ""08"", ""idaho-zone"": ""3"", ""description"": ""Scored a 3. Idaho assigns to their Zone 3"", ""displayName"": ""80+""}, {""id"": ""09"", ""idaho-zone"": ""3"", ""description"": ""Scored a 2. Idaho assigns to their Zone 3"", ""displayName"": ""90+""}, {""id"": ""10"", ""idaho-zone"": ""3"", ""description"": ""Scored a 1."", ""displayName"": ""100+""}]",ft,Zone 1 is 0-30 ft; fire resistant plants only\nZone 2 is 30-60 ft; reduce plant density\nZone 3 is 60-100 ft; thin & prune existing plants.,multi
f47ac10b-58cc-4372-a567-0e02b2c3d479,Idaho Zone Tier (Calculated),a8b73bcb-a997-4778-8415-13493a61b40d,text,"[{""id"": ""1"", ""description"": ""Zone 1: 0-30 ft - Fire resistant plants only (scores 10+, 20+, 30+)"", ""displayName"": ""Tier 1""}, {""id"": ""2"", ""description"": ""Zone 2: 30-60 ft - Reduce plant density (scores 40+, 50+, 60+)"", ""displayName"": ""Tier 2""}, {""id"": ""3"", ""description"": ""Zone 3: 60-100 ft - Thin & prune existing plants (scores 70+, 80+, 90+, 100+)"", ""displayName"": ""Tier 3""}]",,Calculated from Idaho Database minimum planting distance. Maps Idaho scores to zones.,single
b1000001-0001-4000-8000-000000000001,Has Flammability Rating,1f0b604e-8742-49b7-8a35-c3c5c0d0d7f9,text,,,"Calculated: 1 if plant has List Choice value, 0 otherwise. Source: d996587c-383b-4dc6-a23c-239b7de7e47b",single
b1000001-0001-4000-8000-000000000002,Has Water Amount,1f0b604e-8742-49b7-8a35-c3c5c0d0d7f9,text,,,"Calculated: 1 if plant has Water Amount value, 0 otherwise. Source: d9174148-6563-4f92-9673-01feb6a529ce",single
b1000001-0001-4000-8000-000000000003,Has Drought Tolerant,1f0b604e-8742-49b7-8a35-c3c5c0d0d7f9,text,,,"Calculated: 1 if plant has Drought Tolerant value, 0 otherwise. Source: 53aedc01-99c6-4115-903b-7db799966427",single
b1000001-0001-4000-8000-000000000004,Has Native Status,1f0b604e-8742-49b7-8a35-c3c5c0d0d7f9,text,,,"Calculated: 1 if plant has Native Status value, 0 otherwise. Source: 716f3d8f-195f-4d16-824b-6dd1e88767a6",single
b1000001-0001-4000-8000-000000000005,Has Deer Resistance,1f0b604e-8742-49b7-8a35-c3c5c0d0d7f9,text,,,"Calculated: 1 if plant has Deer Resistance value, 0 otherwise. Source: ff4c4d0e-35d5-4804-aea3-2a6334ef8cb5",single
b1000001-0001-4000-8000-000000000006,Wildlife Sum Component,1f0b604e-8742-49b7-8a35-c3c5c0d0d7f9,text,,,Calculated: Wildlife Sum value (0-6). Source: e8686d2e-fe16-440e-bc70-af4a0328cd05,single
b1000001-0001-4000-8000-000000000007,Has Landscape Use,1f0b604e-8742-49b7-8a35-c3c5c0d0d7f9,text,,,"Calculated: 1 if plant has Landscape Use value, 0 otherwise. Source: 055d0d05-6927-4ed4-b16c-894fe54d77e0",single
