usda_symbol,scientific_name,common_name,state
ABGR,Abies grandis,,WA
ABLA,Abies lasiocarpa,,WA
ABPR,Abies procera,,WA
ACCI,Acer circinatum,,WA
ACCO4,Aconitum columbianum,,WA
ACGL,Acer glabrum,,WA
ACHY,Achnatherum hymenoides,,WA
ACMA3,Acer macrophyllum,,WA
ACTR,Achlys triphylla,,WA
ADPE,Adiantum pedatum,,WA
ABGR,Abies grandis,,WA
ABLA,Abies lasiocarpa,,WA
ABPR,Abies procera,,WA
ACCI,Acer circinatum,,WA
ACCO4,Aconitum columbianum,,WA
ACGL,Acer glabrum,,WA
ACHY,Achnatherum hymenoides,,WA
ACMA3,Acer macrophyllum,,WA
ACTR,Achlys triphylla,,WA
ADPE,Adiantum pedatum,,WA
ABGR,Abies grandis,,WA
ABLA,Abies lasiocarpa,,WA
ABPR,Abies procera,,WA
ACCI,Acer circinatum,,WA
ACCO4,Aconitum columbianum,,WA
ACGL,Acer glabrum,,WA
ACHY,Achnatherum hymenoides,,WA
ACMA3,Acer macrophyllum,,WA
ACTR,Achlys triphylla,,WA
ADPE,Adiantum pedatum,,WA
ABGR,Abies grandis,,WA
ABLA,Abies lasiocarpa,,WA
ABPR,Abies procera,,WA
ACCI,Acer circinatum,,WA
ACCO4,Aconitum columbianum,,WA
ACGL,Acer glabrum,,WA
ACHY,Achnatherum hymenoides,,WA
ACMA3,Acer macrophyllum,,WA
ACTR,Achlys triphylla,,WA
ADPE,Adiantum pedatum,,WA
ABGR,Abies grandis,,WA
ABLA,Abies lasiocarpa,,WA
ABPR,Abies procera,,WA
ACCI,Acer circinatum,,WA
ACCO4,Aconitum columbianum,,WA
ACGL,Acer glabrum,,WA
ACHY,Achnatherum hymenoides,,WA
ACMA3,Acer macrophyllum,,WA
ACTR,Achlys triphylla,,WA
ADPE,Adiantum pedatum,,WA
ABGR,Abies grandis,,WA
ABLA,Abies lasiocarpa,,WA
ABPR,Abies procera,,WA
ACCI,Acer circinatum,,WA
ACCO4,Aconitum columbianum,,WA
ACGL,Acer glabrum,,WA
ACHY,Achnatherum hymenoides,,WA
ACMA3,Acer macrophyllum,,WA
ACTR,Achlys triphylla,,WA
ADPE,Adiantum pedatum,,WA
ABGR,Abies grandis,,WA
ABLA,Abies lasiocarpa,,WA
ABPR,Abies procera,,WA
ACCI,Acer circinatum,,WA
ACCO4,Aconitum columbianum,,WA
ACGL,Acer glabrum,,WA
ACHY,Achnatherum hymenoides,,WA
ACMA3,Acer macrophyllum,,WA
ACTR,Achlys triphylla,,WA
ADPE,Adiantum pedatum,,WA
ABGR,Abies grandis,,WA
ABLA,Abies lasiocarpa,,WA
ABPR,Abies procera,,WA
ACCI,Acer circinatum,,WA
ACCO4,Aconitum columbianum,,WA
ACGL,Acer glabrum,,WA
ACHY,Achnatherum hymenoides,,WA
ACMA3,Acer macrophyllum,,WA
ACTR,Achlys triphylla,,WA
ADPE,Adiantum pedatum,,WA
ABGR,Abies grandis,,WA
ABLA,Abies lasiocarpa,,WA
ABPR,Abies procera,,WA
ACCI,Acer circinatum,,WA
ACCO4,Aconitum columbianum,,WA
ACGL,Acer glabrum,,WA
ACHY,Achnatherum hymenoides,,WA
ACMA3,Acer macrophyllum,,WA
ACTR,Achlys triphylla,,WA
ADPE,Adiantum pedatum,,WA
ABGR,Abies grandis,,WA
ABLA,Abies lasiocarpa,,WA
ABPR,Abies procera,,WA
ACCI,Acer circinatum,,WA
ACCO4,Aconitum columbianum,,WA
ACGL,Acer glabrum,,WA
ACHY,Achnatherum hymenoides,,WA
ACMA3,Acer macrophyllum,,WA
ACTR,Achlys triphylla,,WA
ADPE,Adiantum pedatum,,WA
ABGR,Abies grandis,,WA
ABLA,Abies lasiocarpa,,WA
ABPR,Abies procera,,WA
ACCI,Acer circinatum,,WA
ACCO4,Aconitum columbianum,,WA
ACGL,Acer glabrum,,WA
ACHY,Achnatherum hymenoides,,WA
ACMA3,Acer macrophyllum,,WA
ACTR,Achlys triphylla,,WA
ADPE,Adiantum pedatum,,WA
ABGR,Abies grandis,,WA
ABLA,Abies lasiocarpa,,WA
ABPR,Abies procera,,WA
ACCI,Acer circinatum,,WA
ACCO4,Aconitum columbianum,,WA
ACGL,Acer glabrum,,WA
ACHY,Achnatherum hymenoides,,WA
ACMA3,Acer macrophyllum,,WA
ACTR,Achlys triphylla,,WA
ADPE,Adiantum pedatum,,WA
ABGR,Abies grandis,,WA
ABLA,Abies lasiocarpa,,WA
ABPR,Abies procera,,WA
ACCI,Acer circinatum,,WA
ACCO4,Aconitum columbianum,,WA
ACGL,Acer glabrum,,WA
ACHY,Achnatherum hymenoides,,WA
ACMA3,Acer macrophyllum,,WA
ACTR,Achlys triphylla,,WA
ADPE,Adiantum pedatum,,WA
ABGR,Abies grandis,,WA
ABLA,Abies lasiocarpa,,WA
ABPR,Abies procera,,WA
ACCI,Acer circinatum,,WA
ACCO4,Aconitum columbianum,,WA
ACGL,Acer glabrum,,WA
ACHY,Achnatherum hymenoides,,WA
ACMA3,Acer macrophyllum,,WA
ACTR,Achlys triphylla,,WA
ADPE,Adiantum pedatum,,WA
ABGR,Abies grandis,,WA
ABLA,Abies lasiocarpa,,WA
ABPR,Abies procera,,WA
ACCI,Acer circinatum,,WA
ACCO4,Aconitum columbianum,,WA
ACGL,Acer glabrum,,WA
ACHY,Achnatherum hymenoides,,WA
ACMA3,Acer macrophyllum,,WA
ACTR,Achlys triphylla,,WA
ADPE,Adiantum pedatum,,WA
ABGR,Abies grandis,,WA
ABLA,Abies lasiocarpa,,WA
ABPR,Abies procera,,WA
ACCI,Acer circinatum,,WA
ACCO4,Aconitum columbianum,,WA
ACGL,Acer glabrum,,WA
ACHY,Achnatherum hymenoides,,WA
ACMA3,Acer macrophyllum,,WA
ACTR,Achlys triphylla,,WA
ADPE,Adiantum pedatum,,WA
ABGR,Abies grandis,,WA
ABLA,Abies lasiocarpa,,WA
ABPR,Abies procera,,WA
ACCI,Acer circinatum,,WA
ACCO4,Aconitum columbianum,,WA
ACGL,Acer glabrum,,WA
ACHY,Achnatherum hymenoides,,WA
ACMA3,Acer macrophyllum,,WA
ACTR,Achlys triphylla,,WA
ADPE,Adiantum pedatum,,WA
ABGR,Abies grandis,,WA
ABLA,Abies lasiocarpa,,WA
ABPR,Abies procera,,WA
ACCI,Acer circinatum,,WA
ACCO4,Aconitum columbianum,,WA
ACGL,Acer glabrum,,WA
ACHY,Achnatherum hymenoides,,WA
ACMA3,Acer macrophyllum,,WA
ACTR,Achlys triphylla,,WA
ADPE,Adiantum pedatum,,WA
ABGR,Abies grandis,,WA
ABLA,Abies lasiocarpa,,WA
ABPR,Abies procera,,WA
ACCI,Acer circinatum,,WA
ACCO4,Aconitum columbianum,,WA
ACGL,Acer glabrum,,WA
ACHY,Achnatherum hymenoides,,WA
ACMA3,Acer macrophyllum,,WA
ACTR,Achlys triphylla,,WA
ADPE,Adiantum pedatum,,WA
ABGR,Abies grandis,,WA
ABLA,Abies lasiocarpa,,WA
ABPR,Abies procera,,WA
ACCI,Acer circinatum,,WA
ACCO4,Aconitum columbianum,,WA
ACGL,Acer glabrum,,WA
ACHY,Achnatherum hymenoides,,WA
ACMA3,Acer macrophyllum,,WA
ACTR,Achlys triphylla,,WA
ADPE,Adiantum pedatum,,WA
ABGR,Abies grandis,,WA
ABLA,Abies lasiocarpa,,WA
ABPR,Abies procera,,WA
ACCI,Acer circinatum,,WA
ACCO4,Aconitum columbianum,,WA
ACGL,Acer glabrum,,WA
ACHY,Achnatherum hymenoides,,WA
ACMA3,Acer macrophyllum,,WA
ACTR,Achlys triphylla,,WA
ADPE,Adiantum pedatum,,WA
ABGR,Abies grandis,,WA
ABLA,Abies lasiocarpa,,WA
ABPR,Abies procera,,WA
ACCI,Acer circinatum,,WA
ACCO4,Aconitum columbianum,,WA
ACGL,Acer glabrum,,WA
ACHY,Achnatherum hymenoides,,WA
ACMA3,Acer macrophyllum,,WA
ACTR,Achlys triphylla,,WA
ADPE,Adiantum pedatum,,WA
ABGR,Abies grandis,,WA
ABLA,Abies lasiocarpa,,WA
ABPR,Abies procera,,WA
ACCI,Acer circinatum,,WA
ACCO4,Aconitum columbianum,,WA
ACGL,Acer glabrum,,WA
ACHY,Achnatherum hymenoides,,WA
ACMA3,Acer macrophyllum,,WA
ACTR,Achlys triphylla,,WA
ADPE,Adiantum pedatum,,WA
