scientific_name,common_name,notes,categories
Abronia maritima,RED SAND VERBENA,,"Small Trees / Large Shrubs, Evergreen"
Abronia umbellata,PINK SAND VERBENA,,"Small Trees / Large Shrubs, Evergreen"
Abronia villosa,HAIRY SAND VERBENA,,"Small Trees / Large Shrubs, Evergreen"
Acaena pinnatifida,CALIFORNIA SHEEP BURR,,"Small Trees / Large Shrubs, Evergreen"
Acer circinatum,OREGON VINE MAPLE,,Medium Deciduous Trees
Acer macrophyllum,BIG LEAF MAPLE,,Smaller trees and large shrubs with mature heights of less than
Acer negundo,BOX ELDER,,Medium Deciduous Trees
Achillea millefolium,YARROW,,"Small Trees / Large Shrubs, Evergreen"
"Acmispon glaber, syn. Lotus scoparius",DEERWEED,,"Small Trees / Large Shrubs, Evergreen"
"Adelinia grandis, syn. Cynoglossum grande",WESTERN HOUNDSTONGUE,,"Small Trees / Large Shrubs, Evergreen"
Adenostoma fasciculatum,CHAMISE,,"Small Trees / Large Shrubs, Evergreen"
Aesculus californica,CALIFORNIA BUCKEYE,,Medium Deciduous Trees
Alnus incana subsp. tenuifolia,MOUNTAIN/THIN-LEAVED/GRAY ALDER,,Medium Deciduous Trees
Alnus rhombifolia,WHITE ALDER,,Smaller trees and large shrubs with mature heights of less than
Alnus rubra,RED ALDER,,Smaller trees and large shrubs with mature heights of less than
Amelanchier alnifolia,"WESTERN/PACIFIC SERVICEBERRY, JUNEBERRY, WESTERN SHADBUSH",,"Medium Deciduous Trees; Small Trees / Large Shrubs, Evergreen"
Anaphalis margaritacea,PEARLY EVERLASTING,,"Small Trees / Large Shrubs, Evergreen"
Antennaria rosea,ROSY PUSSYTOES,,"Small Trees / Large Shrubs, Evergreen"
Antirrhinum multiflorum,WITHERED SNAPDRAGON,and others Clarkia amoena (FAREWELL TO SPRING),"Small Trees / Large Shrubs, Evergreen"
Aquilegia eximia,SERPENTINE COLUMBINE,,"Small Trees / Large Shrubs, Evergreen"
Aquilegia formosa,WESTERN COLUMBINE,,"Small Trees / Large Shrubs, Evergreen"
Aralia californica,ELK CLOVER,,"Small Trees / Large Shrubs, Evergreen"
Arbutus menziesii,PACIFIC MADRONE,,Medium Evergreen to Semi-Evergreen Trees; Smaller trees and large shrubs with mature heights of less than
Arctostaphylos bakeri,BAKER’S MANZANITA,"A. pajaroensis (PAJARO MANZANITA), and others Atriplex canescens (FOUR-WING SALTBUSH)","Small Trees / Large Shrubs, Evergreen"
Arctostaphylos columbiana,HAIRY MANZANITA,,Medium Evergreen to Semi-Evergreen Trees
Arctostaphylos cruzensis,ARROYO DE LA CRUZ MANZANITA,"A. densiflora (VINE HILL MANZANITA), and others Ceanothus cordulatus (MOUNTAIN WHITETHORN)","Small Trees / Large Shrubs, Evergreen"
Arctostaphylos edmundsii,LITTLE SUR MANZANITA,"A. pumila (SANDMAT MANZANITA), A. uva ursi (KINNICKINNICK), and several named varieties Eriogonum grande var. rubescens, syn. Eriogonum rubescens (RED- FLOWERED BUCKWHEAT, SAN MIGUEL ISLAND BUCKWHEAT)","Small Trees / Large Shrubs, Evergreen"
Arctostaphylos glandulosa,EASTWOOD MANZANITA,"and others Ceanothus crassifolius (HOARY-LEAVED CEANOTHUS), C. cuneatus (BUCKBRUSH), C. velutinus (TOBACCO BRUSH), and others Eriogonum arborescens (SANTA CRUZ ISLAND BUCKWHEAT)","Small Trees / Large Shrubs, Evergreen"
Arctostaphylos glauca,BIG BERRY MANZANITA,,Medium Evergreen to Semi-Evergreen Trees
Arctostaphylos insularis,ISLAND MANZANITA,"A. viscida (WHITELEAF MANZANITA), and others Atriplex breweri (BREWER SALTBUSH), A. canescens (SHADSCALE), A. lentiformis (BIG SALTBUSH), and others Condea emoryi, syn. Hyptis emoryi (DESERT LAVENDER, BUSHMINT)","Small Trees / Large Shrubs, Evergreen"
Arctostaphylos manzanita,COMMON MANZANITA,,Medium Evergreen to Semi-Evergreen Trees
Arctostaphylos nevadensis,PINEMAT MANZANITA,,"Small Trees / Large Shrubs, Evergreen"
Arctostaphylos nummularia,GLOSSY- LEAVED MANZANITA,and others Baccharis pilularis (COYOTE BRUSH),"Small Trees / Large Shrubs, Evergreen"
Arctostaphylos pajaroensis,PAJARO MANZANITA,"and others Frangula californica, syn. Rhamnus californica (COFFEEBERRY)","Small Trees / Large Shrubs, Evergreen"
Arctostaphylos uva- ursi,KINNIKINNICK,,"Small Trees / Large Shrubs, Evergreen"
Argemone corymbosa,MOJAVE PRICKLY POPPY,,"Small Trees / Large Shrubs, Evergreen"
Argemone munita,CHICALOTE,,"Small Trees / Large Shrubs, Evergreen"
Aruncus dioicus,GOAT’S BEARD,,"Small Trees / Large Shrubs, Evergreen"
Asarum caudatum,WILD GINGER,,"Small Trees / Large Shrubs, Evergreen"
Asclepias albicans,WHITESTEM MILKWEED,,"Small Trees / Large Shrubs, Evergreen"
Asclepias asperula,SPIDER MILKWEED,,"Small Trees / Large Shrubs, Evergreen"
Asclepias californica,CALIFORNIA MILKWEED,,"Small Trees / Large Shrubs, Evergreen"
Asclepias cordifolia,HEART LEAF MILKWEED,,"Small Trees / Large Shrubs, Evergreen"
Asclepias cryptoceras,PALLID MILKWEED,,"Small Trees / Large Shrubs, Evergreen"
Asclepias eriocarpa,KOTOLO MILKWEED,,"Small Trees / Large Shrubs, Evergreen"
Asclepias erosa,DESERT MILKWEED,,"Small Trees / Large Shrubs, Evergreen"
Asclepias fascicularis,NARROWLEAF MILKWEED,,"Small Trees / Large Shrubs, Evergreen"
Asclepias linaria,PINE NEEDLE MILKWEED,,"Small Trees / Large Shrubs, Evergreen"
Asclepias nyctaginifolia,MOJAVE MILKWEED,,"Small Trees / Large Shrubs, Evergreen"
Asclepias speciosa,SHOWY MILKWEED,,"Small Trees / Large Shrubs, Evergreen"
Asclepias subulata,"RUSH/SKELETON MILKWEED, AJAMETE",,"Small Trees / Large Shrubs, Evergreen"
Asclepias vestita,WOOLLY MILKWEED,,"Small Trees / Large Shrubs, Evergreen"
Atriplex confertifolia,SHADSCALE,,"Small Trees / Large Shrubs, Evergreen"
Atriplex hymenelytra,DESERT HOLLY,,"Small Trees / Large Shrubs, Evergreen"
Atriplex lentiformis,BIG SALTBUSH,,"Small Trees / Large Shrubs, Evergreen"
Atriplex parryi,PARRY’S SALTBUSH,,"Small Trees / Large Shrubs, Evergreen"
Atriplex polycarpa,"ALLSCALE, CATTLE SALTBUSH",,"Small Trees / Large Shrubs, Evergreen"
Atriplex watsonii,MATSCALE,,"Small Trees / Large Shrubs, Evergreen"
Baccharis pilularis,COYOTE BRUSH,,"Small Trees / Large Shrubs, Evergreen"
Baccharis pilularis var. pilularis,DWARF COYOTE BRUSH,,"Small Trees / Large Shrubs, Evergreen"
Baccharis salicifolia,MULE FAT,,"Small Trees / Large Shrubs, Evergreen"
"Bahiopsis parishii, syn. Viguiera deltoidea",GOLDENEYE,,"Small Trees / Large Shrubs, Evergreen"
Balsamorhiza deltoidea,DELTOID BALSAMROOT,"B. sagittata (ARROW- LEAVED BALSAMROOT), and others Perideridia californica (YAMPAH), P. montana (MOUNTAIN YAMPAH), and others Salvia spathacea (HUMMINGBIRD SAGE)","Small Trees / Large Shrubs, Evergreen"
Balsamorhiza sagittata,ARROWLEAF BALSAMROOT,,"Small Trees / Large Shrubs, Evergreen"
"Berberis aquifolium, syn. Mahonia aquifolium",TALL OREGON GRAPE,,"Small Trees / Large Shrubs, Evergreen"
"Berberis nervosa, syn. Mahonia nervosa",LONGLEAF MAHONIA,,"Small Trees / Large Shrubs, Evergreen"
"Berberis nevinii, syn. Mahonia nevinii",NEVIN’S BARBERRY,,"Small Trees / Large Shrubs, Evergreen"
Berberis pinnata,COAST BARBERRY,,"Small Trees / Large Shrubs, Evergreen"
"Berberis repens, syn. Mahonia repens",CREEPING MAHONIA,,"Small Trees / Large Shrubs, Evergreen"
Betula papyrifera,PAPERBARK BIRCH,,Smaller trees and large shrubs with mature heights of less than
Calamagrostis nutkaensis,PACIFIC REEDGRASS,,"Small Trees / Large Shrubs, Evergreen"
Calycanthus occidentalis,SPICE BUSH,,"Small Trees / Large Shrubs, Evergreen"
"Calylophus hartwegii, C. drummondianus",SUNDROPS,,"Small Trees / Large Shrubs, Evergreen"
Camassia leichtlinii,GREAT CAMAS,,"Small Trees / Large Shrubs, Evergreen"
Camassia quamash,SMALL CAMAS,,"Small Trees / Large Shrubs, Evergreen"
Campanula rotundifolia,BLUEBELL BELLFLOWER,,"Small Trees / Large Shrubs, Evergreen"
Campanula scabrella,ROUGH BELLFLOWER,,"Small Trees / Large Shrubs, Evergreen"
Carex barbarae,SANTA BARBARA SEDGE,,"Small Trees / Large Shrubs, Evergreen"
Carex filifolia,THREADLEAF SEDGE,,"Small Trees / Large Shrubs, Evergreen"
Carex globosa,ROUND FRUIT SEDGE,,"Small Trees / Large Shrubs, Evergreen"
Carex pansa,"SAND DUNE SEDGE, CALIFORNIA MEADOW SEDGE",,"Small Trees / Large Shrubs, Evergreen"
Carex praegacilis,CLUSTERED FIELD SEDGE,,"Small Trees / Large Shrubs, Evergreen"
Carex spissa,SAN DIEGO SEDGE,,"Small Trees / Large Shrubs, Evergreen"
Carex subfusca,RUSTY/MOUNTAIN SEDGE,,"Small Trees / Large Shrubs, Evergreen"
Carex tumulicola,FOOTHILL SEDGE,and many others,"Small Trees / Large Shrubs, Evergreen"
Carpenteria californica,BUSH ANEMONE,,"Small Trees / Large Shrubs, Evergreen"
Ceanothus arboreus,ISLAND CEANOTHUS,,Medium Evergreen to Semi-Evergreen Trees
Ceanothus cuneatus,BUCKBRUSH,"C. leucodermis (CHAPARRAL WHITETHORN), and others Chrysolepis sempervirens (SIERRA CHINQUAPIN)","Small Trees / Large Shrubs, Evergreen"
Ceanothus divergens,CALISTOGA CEANOTHUS,,"Small Trees / Large Shrubs, Evergreen"
Ceanothus foliosus,WAVY-LEAVED CEANOTHUS,,"Small Trees / Large Shrubs, Evergreen"
Ceanothus hearstiorum,HEARST’S CEANOTHUS,,"Small Trees / Large Shrubs, Evergreen"
Ceanothus integerrimus,DEER BRUSH,"C. papillosus (WARTLEAF CEANOTHUS), C. verrucosus (WHITE COAST CEANOTHUS), and others Erica lusitanica (PORTUGUESE/SPANISH HEATH)","Small Trees / Large Shrubs, Evergreen"
Ceanothus lemmonii,LEMMON’S CEANOTHUS,,"Small Trees / Large Shrubs, Evergreen"
Ceanothus maritimus,MARITIME CEANOTHUS,,"Small Trees / Large Shrubs, Evergreen"
Ceanothus megacarpus,BIG POD CEANOTHUS,,Medium Evergreen to Semi-Evergreen Trees
Ceanothus parryi,PARRY’S CEANOTHUS,,Medium Evergreen to Semi-Evergreen Trees
Ceanothus prostratus,MAHALA MAT,,"Small Trees / Large Shrubs, Evergreen"
Ceanothus spinosus,GREEN BARK CEANOTHUS,,Medium Evergreen to Semi-Evergreen Trees
Ceanothus thyrsiflorus,BLUE BLOSSOM CEANOTHUS,,Medium Evergreen to Semi-Evergreen Trees
Celtis reticulata,WESTERN/NET-LEAVED HACKBERRY,,Medium Deciduous Trees
Cephalanthus occidentalis,BUTTONBUSH,,"Small Trees / Large Shrubs, Evergreen"
Cercis occidentalis,WESTERN REDBUD,,"Small Trees / Large Shrubs, Evergreen"
Cercocarpus betuloides,BIRCH-LEAF MOUNTAIN MAHOGANY,,Medium Evergreen to Semi-Evergreen Trees
Cerocarpus ledifolius,CURL-LEAF MOUNTAIN MAHOGANY,,Medium Evergreen to Semi-Evergreen Trees
Chamerion angustifolium,FIREWEED,,"Small Trees / Large Shrubs, Evergreen"
Chilopsis linearis,DESERT WILLOW,,"Medium Deciduous Trees; Small Trees / Large Shrubs, Evergreen"
Chrysolepis chrysophylla,GIANT/GOLDEN/WESTERN CHINQUAPIN,,Smaller trees and large shrubs with mature heights of less than
Chrysothamnus viscidiflorus,YELLOW RABBITBRUSH,,"Small Trees / Large Shrubs, Evergreen"
Clarkia amoena,FAREWELL TO SPRING,,"Small Trees / Large Shrubs, Evergreen"
Clarkia bottae,PUNCH BOWL GODETIA,,"Small Trees / Large Shrubs, Evergreen"
Clarkia breweri,FAIRY FANS,,"Small Trees / Large Shrubs, Evergreen"
Clarkia concinna,RED RIBBONS,,"Small Trees / Large Shrubs, Evergreen"
Clarkia gracilis,SLENDER CLARKIA,,"Small Trees / Large Shrubs, Evergreen"
Clarkia purpurea,WINECUP CLARKIA,,"Small Trees / Large Shrubs, Evergreen"
Clarkia rubicunda,RUBY CHALICE,,"Small Trees / Large Shrubs, Evergreen"
Clarkia species Gilia species Phacelia tanacetifolia,LACY PHACELIA,,"Small Trees / Large Shrubs, Evergreen"
Clarkia speciosa,RED-SPOTTED CLARKIA,,"Small Trees / Large Shrubs, Evergreen"
Clarkia unguiculata,ELEGANT CLARKIA,,"Small Trees / Large Shrubs, Evergreen"
Clarkia williamsonii,FORT MILLER CLARKIA,,"Small Trees / Large Shrubs, Evergreen"
Cneoridium dumosum,BUSH RUE,,"Small Trees / Large Shrubs, Evergreen"
"Collinsia herophylla, syn. Collinsia bicolor",PURPLE CHINESE HOUSES,,"Small Trees / Large Shrubs, Evergreen"
"Collinsia heterophylla, syn. Collinsia bicolor",PURPLE CHINESE HOUSES,,"Small Trees / Large Shrubs, Evergreen"
Collomia grandiflora,LARGE-FLOWERED COLLOMIA,,"Small Trees / Large Shrubs, Evergreen"
Comarostaphylis diversifolia,SUMMER HOLLY,,Medium Evergreen to Semi-Evergreen Trees
Corethrogyne filaginifolia,CALIFORNIA ASTER,,"Small Trees / Large Shrubs, Evergreen"
Cornus nuttalii,WESTERN DOGWOOD,,"Small Trees / Large Shrubs, Evergreen"
Cornus sericea,RED TWIG DOGWOOD,,"Small Trees / Large Shrubs, Evergreen"
Corylus cornuta var. californica,WESTERN HAZELNUT,,"Small Trees / Large Shrubs, Evergreen"
Crataegus douglasii,DOUGLAS HAWTHORN,,Medium Deciduous Trees
"Dasiphora fruticosa, syn. Potentilla fruticosa",SHRUBBY CINQUEFOIL,,"Small Trees / Large Shrubs, Evergreen"
Delphinium cardinale,SCARLET LARKSPUR,,"Small Trees / Large Shrubs, Evergreen"
Delphinium glaucum,"GLAUCUS LARKSPUR, SIERRA LARKSPUR","D. menziesii (MENZIES’ LARKSPUR), D. trolliofolium (COLUMBIAN LARKSPUR), and others Lepechinia fragrans (PITCHER SAGE)","Small Trees / Large Shrubs, Evergreen"
Delphinium nudicaule,RED LARKSPUR,,"Small Trees / Large Shrubs, Evergreen"
Dendromecon harfordii,ISLAND BUSH POPPY,,"Small Trees / Large Shrubs, Evergreen"
Dendromecon rigida,BUSH POPPY,,"Small Trees / Large Shrubs, Evergreen"
Dicentra chrysantha,GOLDEN EARDROPS,,"Small Trees / Large Shrubs, Evergreen"
Dicentra formosa,WESTERN BLEEDING HEART,,"Small Trees / Large Shrubs, Evergreen"
"Diplacus aurantiacus, syn. Mimulus aurantiacus",STICKY MONKEY FLOWER,,"Small Trees / Large Shrubs, Evergreen"
Diplacus longiflorus,SOUTHERN BUSH MONKEYFLOWER,,"Small Trees / Large Shrubs, Evergreen"
Dodecatheon species,SHOOTING STAR,native to your area Maianthemum dilatatum (FALSE LILY-OF- THE-VALLEY),"Small Trees / Large Shrubs, Evergreen"
Eleocharis macrostachya,COMMON SPIKERUSH,,"Small Trees / Large Shrubs, Evergreen"
"Elymus condensatus, syn. Leymus condensatus",GIANT WILD RYE,,"Small Trees / Large Shrubs, Evergreen"
Elymus mollis,AMERICAN DUNEGRASS,,"Small Trees / Large Shrubs, Evergreen"
"Elymus mollis, syn. Leymus mollis",AMERICAN DUNEGRASS,,"Small Trees / Large Shrubs, Evergreen"
Encelia actoni,MOUNTAIN BUSH SUNFLOWER,,"Small Trees / Large Shrubs, Evergreen"
Encelia californica,CALIFORNIA BRITTLEBUSH,,"Small Trees / Large Shrubs, Evergreen"
Encelia farinosa,BRITTLEBUSH,,"Small Trees / Large Shrubs, Evergreen"
Encelia frutescens,BUTTON BRITTLEBUSH,,"Small Trees / Large Shrubs, Evergreen"
"Epilobium canum, syn. Zauschneria canum",CALIFORNIA FUCHSIA,,"Small Trees / Large Shrubs, Evergreen"
Eragrostis hypnoides,TEAL LOVEGRASS,,"Small Trees / Large Shrubs, Evergreen"
Eragrostis mexicana,MEXICAN LOVEGRASS,,"Small Trees / Large Shrubs, Evergreen"
"Ericameria nauseosa, syn. Chrysothamnus nauseosus",GRAY RABBITBRUSH,,"Small Trees / Large Shrubs, Evergreen"
Erigeron glaucus,SEASIDE FLEABANE,,"Small Trees / Large Shrubs, Evergreen"
Eriogonum arborescens,SANTA CRUZ ISLAND BUCKWHEAT,"E. fasciculatum (CALIFORNIA BUCKWHEAT), E. giganteum (ST. CATHERINE’S LACE), and others Morella californica, syn. Myrica californica (PACIFIC WAX MYRTLE)","Small Trees / Large Shrubs, Evergreen"
Eriogonum cinereum,ASHYLEAF BUCKWHEAT,,"Small Trees / Large Shrubs, Evergreen"
Eriogonum crocatum,SAFFRON BUCKWHEAT,,"Small Trees / Large Shrubs, Evergreen"
Eriogonum fasciculatum,CALIFORNIA BUCKWHEAT,,"Small Trees / Large Shrubs, Evergreen"
Eriogonum giganteum,ST. CATHERINE’S LACE,"and others Gambelia speciosa, syn. Galvezia speciosa (ISLAND BUSH SNAPDRAGON)","Small Trees / Large Shrubs, Evergreen"
Eriogonum umbellatum,SULPHUR BUCKWHEAT,,"Small Trees / Large Shrubs, Evergreen"
Eriogonum wrightii,WRIGHT’S BUCKWHEAT,,"Small Trees / Large Shrubs, Evergreen"
Eschscholzia caespitosa,SUNCUPS,,"Small Trees / Large Shrubs, Evergreen"
Eschscholzia californica,CALIFORNIA POPPY,,"Small Trees / Large Shrubs, Evergreen"
"Eurybia radulina, syn. Aster radulinus",ROUGHLEAF ASTER,,"Small Trees / Large Shrubs, Evergreen"
Extriplex californica,CALIFORNIA SALTBUSH,,"Small Trees / Large Shrubs, Evergreen"
Fallugia paradoxa,CPACHE PLUME,,"Small Trees / Large Shrubs, Evergreen"
Festuca californica,CALIFORNIA FESCUE,,"Small Trees / Large Shrubs, Evergreen"
Festuca idahoensis,IDAHO FESCUE,,"Small Trees / Large Shrubs, Evergreen"
Forestiera neomexicana,DESERT OLIVE,,"Small Trees / Large Shrubs, Evergreen"
Fragaria californica,WOOD STRAWBERRY,,"Small Trees / Large Shrubs, Evergreen"
Fragaria chiloensis,BEACH STRAWBERRY,,"Small Trees / Large Shrubs, Evergreen"
"Frangula californica, syn. Rhamnus californica",COFFEEBERRY,,"Small Trees / Large Shrubs, Evergreen"
"Frangula purshiana, syn. Rhamnus purshiana","CASCARA SAGRADA, CASCADE BUCKTHORN",,Medium Deciduous Trees
Fraxinus latifolia,OREGON ASH,,Smaller trees and large shrubs with mature heights of less than
"Fremontodendron californicum, F. mexicanum",FLANNEL BUSH,,"Medium Evergreen to Semi-Evergreen Trees; Small Trees / Large Shrubs, Evergreen"
"Gambelia speciosa, syn. Galvezia speciosa",ISLAND BUSH SNAPDRAGON,,"Small Trees / Large Shrubs, Evergreen"
Garrya congdonii,INTERIOR SILKTASSEL,,"Small Trees / Large Shrubs, Evergreen"
Garrya elliptica,COAST SILKTASSEL,,"Small Trees / Large Shrubs, Evergreen"
Garrya flavescens,ASHY/YELLOWLEAF SILKTASSEL,,"Small Trees / Large Shrubs, Evergreen"
Garrya fremontii,FREMONT SILKTASSEL,,"Small Trees / Large Shrubs, Evergreen"
Garrya veatchii,CANYON SILKTASSEL,,"Small Trees / Large Shrubs, Evergreen"
Gaultheria ovatifolia,"OREGON SPICY WINTERGREEN, SLENDER WINTERGREEN, WESTERN TEABERRY",,"Small Trees / Large Shrubs, Evergreen"
Gaultheria shallon,SALAL,,"Small Trees / Large Shrubs, Evergreen"
Gilia capitata,GLOBE GILIA,,"Small Trees / Large Shrubs, Evergreen"
Gilia tricolor,BIRD’S-EYES,,"Small Trees / Large Shrubs, Evergreen"
Grindelia nana,IDAHO GUMPLANT,"and others Solidago canadensis, S. velutina (GOLDENROD)","Small Trees / Large Shrubs, Evergreen"
Grindelia stricta,GUMWEED,,"Small Trees / Large Shrubs, Evergreen"
Helianthella californica,CALIFORNIA HELIANTHELLA,,"Small Trees / Large Shrubs, Evergreen"
Helianthus annuus,ANNUAL SUNFLOWER,and others Lupinus luteolus (PALE YELLOW LUPINE),"Small Trees / Large Shrubs, Evergreen"
Hesperoyucca whipplei,CHAPARRAL YUCCA,,"Small Trees / Large Shrubs, Evergreen"
Heteromeles arbutifolia,TOYON,,"Medium Evergreen to Semi-Evergreen Trees; Small Trees / Large Shrubs, Evergreen"
Heterotheca sessiliflora,FALSE GOLDENASTER,,"Small Trees / Large Shrubs, Evergreen"
Heuchera maxima,ISLAND ALUM ROOT,,"Small Trees / Large Shrubs, Evergreen"
Heuchera micrantha,SMALL-FLOWERED ALUM ROOT,,"Small Trees / Large Shrubs, Evergreen"
"Hierochloe occidentalis, syn. Anthoxanthum occidentale",WESTERN SWEETGRASS,,"Small Trees / Large Shrubs, Evergreen"
Holodiscus discolor,"OCEAN SPRAY, CREAMBUSH",,"Small Trees / Large Shrubs, Evergreen"
Holodiscus dumosus,"MOUNTAIN SPRAY, ROCK- SPIREA",,"Small Trees / Large Shrubs, Evergreen"
"Ipomopsis rubra, syn. Gilia rubra",SCARLET GILIA,,"Small Trees / Large Shrubs, Evergreen"
Iris macrosiphon,LONG TUBED IRIS,,"Small Trees / Large Shrubs, Evergreen"
Iva hayesiana,"SAN DIEGO MARSH ELDER, POVERTY WEED",,"Small Trees / Large Shrubs, Evergreen"
Jaumea carnosa,JAUMEA,,"Small Trees / Large Shrubs, Evergreen"
Juglans californica,CALIFORNIA BLACK WALNUT,,Smaller trees and large shrubs with mature heights of less than
Juglans hindsii,HINDS’ BLACK WALNUT,,Smaller trees and large shrubs with mature heights of less than
Juncus acutus,SPINY RUSH,,"Small Trees / Large Shrubs, Evergreen"
Juncus balticus,BALTIC RUSH,,"Small Trees / Large Shrubs, Evergreen"
Juncus effusus,SOFT RUSH,,"Small Trees / Large Shrubs, Evergreen"
Juncus patens,COMMON RUSH,,"Small Trees / Large Shrubs, Evergreen"
Justicia californica,CHUPAROSA,,"Small Trees / Large Shrubs, Evergreen"
Kallstroemia californica,CALIFORNIA CALTROP,,"Small Trees / Large Shrubs, Evergreen"
Kalmiopsis leachiana,KALMIOPSIS,,"Small Trees / Large Shrubs, Evergreen"
"Keckiella antirrhinoides, K. cordifolia",KECKIELLA,,"Small Trees / Large Shrubs, Evergreen"
Larrea tridentata,CREOSOTE BUSH,,"Small Trees / Large Shrubs, Evergreen"
Lathyrus vestitus,PACIFIC PEA,,"Small Trees / Large Shrubs, Evergreen"
Layia platyglossa,COMMON TIDYTIPS,,"Small Trees / Large Shrubs, Evergreen"
Lepechinia calycina,WHITE PITCHER SAGE,,"Small Trees / Large Shrubs, Evergreen"
"Lepechinia calycina, L. fragrans",PITCHER SAGE,,"Small Trees / Large Shrubs, Evergreen"
Lepechinia fragrans,FRAGRANT PITCHER SAGE,,"Small Trees / Large Shrubs, Evergreen"
"Leptosyne calliopsidea, syn. Coreopsis calliopsidea",LEAFSTEM TICKSEED,,"Small Trees / Large Shrubs, Evergreen"
Leucothoe davisiae,SIERRA LAUREL,,"Small Trees / Large Shrubs, Evergreen"
"Lewisia species Micromeria douglasii, syn. Clinopodium douglasii",YERBA BUENA,,"Small Trees / Large Shrubs, Evergreen"
Linanthus grandiflorus,LARGEFLOWER PHLOX,,"Small Trees / Large Shrubs, Evergreen"
Linum lewisii,BLUE FLAX,,"Small Trees / Large Shrubs, Evergreen"
Lomatium utriculatum,COMMON LOMATIUM,,"Small Trees / Large Shrubs, Evergreen"
Lonicera conjugialis,DOUBLE HONEYSUCKLE,,"Small Trees / Large Shrubs, Evergreen"
"Lonicera interrupta, L. subspicata",CHAPARRAL HONEYSUCKLE,,"Small Trees / Large Shrubs, Evergreen"
Lonicera involucrata,TWINBERRY,,"Small Trees / Large Shrubs, Evergreen"
Lonicera subspicata,SOUTHERN HONEYSUCKLE,,"Small Trees / Large Shrubs, Evergreen"
Lonicera utahensis,RED TWINBERRY,,"Small Trees / Large Shrubs, Evergreen"
Lupinus albifrons,SILVER BUSH LUPINE,,"Small Trees / Large Shrubs, Evergreen"
Lupinus arboreus,YELLOW BUSH LUPINE,,"Small Trees / Large Shrubs, Evergreen"
Lupinus microcarpus,"CHICK LUPINE, DENSE- FLOWERED PLATYCARPOS",and others Nemophila maculata (FIVESPOT),"Small Trees / Large Shrubs, Evergreen"
Lupinus nanus,SKY LUPINE,,"Small Trees / Large Shrubs, Evergreen"
Lupinus polyphyllus,BIGLEAF LUPINE,,"Small Trees / Large Shrubs, Evergreen"
Lupinus succulentus,SUCCULENT LUPINE,and others,"Small Trees / Large Shrubs, Evergreen"
Lycium brevipes,BAJA DESERT THORN,,"Small Trees / Large Shrubs, Evergreen"
Lycium californicum,CALIFORNIA BOXTHORN,,"Small Trees / Large Shrubs, Evergreen"
Lyonothanmus floribundus,CATALINA IRONWOOD,,Medium Evergreen to Semi-Evergreen Trees
Maianthemum racemosa,FALSE SOLOMON’S SEAL,,"Small Trees / Large Shrubs, Evergreen"
Malocothamnus densiflorus,YELLOW STEM BUSH MALLOW,,"Small Trees / Large Shrubs, Evergreen"
Malocothamnus fasciculatus,CHAPARRAL BUSHMALLOW,,"Small Trees / Large Shrubs, Evergreen"
Malocothamnus fremontii,FREMONT’S BUSHMALLOW,,"Small Trees / Large Shrubs, Evergreen"
Malocothamnus jonesii,JONES’S BUSH MALLOW,,"Small Trees / Large Shrubs, Evergreen"
Malocothamnus palmeri,SANTA LUCIA BUSH MALLOW,,"Small Trees / Large Shrubs, Evergreen"
"Malosma laurina, syn. Rhus laurina",LAUREL SUMAC,,"Small Trees / Large Shrubs, Evergreen"
Malus fusca,WESTERN/OREGON CRABAPPLE,,Medium Deciduous Trees
Melica californica,CALIFORNIA MELICGRASS,,"Small Trees / Large Shrubs, Evergreen"
Melica subulata,ALASKA ONION GRASS,,"Small Trees / Large Shrubs, Evergreen"
Mentzelia laevicaulis,BLAZING STAR,,"Small Trees / Large Shrubs, Evergreen"
"Mirabilis laevis, syn. Mirabilis californica",CALIFORNIA FOUR O’CLOCK,,"Small Trees / Large Shrubs, Evergreen"
"Monardella australis, syn. Monardella odoratissima",DESERT MINT,,"Small Trees / Large Shrubs, Evergreen"
Monardella macrantha,RED MONARDELLA,,"Small Trees / Large Shrubs, Evergreen"
Monardella purpurea,SISKIYOU MONARDELLA,,"Small Trees / Large Shrubs, Evergreen"
Monardella villosa,COYOTE MINT,,"Small Trees / Large Shrubs, Evergreen"
"Morella californica, syn. Myrica californica",CALIFORNIA WAX MYRTLE,,"Medium Evergreen to Semi-Evergreen Trees; Small Trees / Large Shrubs, Evergreen"
Muhlenbergia emersleyi,BULL GRASS,,"Small Trees / Large Shrubs, Evergreen"
Muhlenbergia lindheimeri,LINDHEIMER’S MUHLY GRASS,,"Small Trees / Large Shrubs, Evergreen"
Muhlenbergia rigens,DEER GRASS,,"Small Trees / Large Shrubs, Evergreen"
Myosotis asiatica,ALPINE FORGET-ME-NOT,,"Small Trees / Large Shrubs, Evergreen"
Nemophila maculata,FIVESPOT,,"Small Trees / Large Shrubs, Evergreen"
Nemophila menziesii,BABY BLUE EYES,,"Small Trees / Large Shrubs, Evergreen"
Nolina bigelovii,BIGELOW’S BEARGRASS,,"Small Trees / Large Shrubs, Evergreen"
Notholithocarpus densiflorus,TANBARK OAK,,Smaller trees and large shrubs with mature heights of less than
Oemleria cerasiformis,"OSO BERRY, INDIAN PLUM",,"Small Trees / Large Shrubs, Evergreen"
Oenothera elata,HOOKER’S EVENING PRIMROSE,,"Small Trees / Large Shrubs, Evergreen"
Oxalis californica,CALIFORNIA WOOD SORREL,,"Small Trees / Large Shrubs, Evergreen"
Oxalis oregana,REDWOOD SORREL,,"Small Trees / Large Shrubs, Evergreen"
PLANT INSTEAD,,,"Small Trees / Large Shrubs, Evergreen"
Paeonia brownii,WESTERN PEONY,,"Small Trees / Large Shrubs, Evergreen"
Paeonia californica,CALIFORNIA PEONY,,"Small Trees / Large Shrubs, Evergreen"
"Parkinsonia florida, syn. Cercidium floridum",BLUE PALO VERDE,,Medium Deciduous Trees
"Parkinsonia microphylla, syn. Cercidium microphyllum",LITTLE-LEAF PALO VERDE,,Medium Deciduous Trees
Paxistima myrsinites,OREGON BOXWOOD,,"Small Trees / Large Shrubs, Evergreen"
Penstemon centranthifolius,SCARLET BUGLER,,"Small Trees / Large Shrubs, Evergreen"
Penstemon davidsonii,DAVIDSON’S PENSTEMON,,"Small Trees / Large Shrubs, Evergreen"
Penstemon heterophyllus,FOOTHILL PENSTEMON,,"Small Trees / Large Shrubs, Evergreen"
Penstemon newberryi,MOUNTAIN PRIDE,,"Small Trees / Large Shrubs, Evergreen"
Penstemon pseudospectabilis,DESERT BEARD PENSTEMON,,"Small Trees / Large Shrubs, Evergreen"
Penstemon richardsonii,RICHARDSON’S PENSTEMON,,"Small Trees / Large Shrubs, Evergreen"
Penstemon rupicola,ROCK PENSTEMON,,"Small Trees / Large Shrubs, Evergreen"
Penstemon rydbergii,RYDBERG’S PENSTEMON,,"Small Trees / Large Shrubs, Evergreen"
Penstemon spectabilis,ROYAL BEARDSTONGUE,,"Small Trees / Large Shrubs, Evergreen"
"Peritoma arborea, syn. Isomeris arborea",BLADDERPOD,,"Small Trees / Large Shrubs, Evergreen"
Phacelia californica,ROCK PHACELIA,,"Small Trees / Large Shrubs, Evergreen"
Phacelia campanularia,CALIFORNIA BLUEBELL,,"Small Trees / Large Shrubs, Evergreen"
Philadelphus lewisii,MOCK ORANGE,,"Small Trees / Large Shrubs, Evergreen"
Physocarpus capitatus,PACIFIC NINEBARK,,"Small Trees / Large Shrubs, Evergreen"
Pickeringia montana,CHAPARRAL PEA,,"Small Trees / Large Shrubs, Evergreen"
Platanus racemosa,CALIFORNIA SYCAMORE,,Smaller trees and large shrubs with mature heights of less than
Pluchea sericea,"ARROW WEED, ARROWLEAF",,"Small Trees / Large Shrubs, Evergreen"
Populus angustifolia,NARROWLEAF POPLAR,,Smaller trees and large shrubs with mature heights of less than
Populus fremontii,FREMONT/WESTERN COTTONWOOD,,Smaller trees and large shrubs with mature heights of less than
Populus tremuloides,QUAKING ASPEN,,Smaller trees and large shrubs with mature heights of less than
Populus trichocarpa,BLACK COTTONWOOD,,Smaller trees and large shrubs with mature heights of less than
Prosopis glandulosa var. torreyana,HONEY MESQUITE,,Medium Deciduous Trees
Prosopis pubescens,"SCREWBEAN, TORNILLO",,Medium Deciduous Trees
Prunella vulgaris subsp. lanceolata,SELFHEAL,,"Small Trees / Large Shrubs, Evergreen"
Prunus emarginata,BITTER CHERRY,,Medium Deciduous Trees
Prunus ilicifolia,HOLLYLEAF CHERRY,,"Medium Evergreen to Semi-Evergreen Trees; Small Trees / Large Shrubs, Evergreen"
"Psorothamnus spinosus, syn. Dalea spinosa",SMOKE TREE,,Medium Deciduous Trees
Ptelea crenulata,WESTERN HOP TREE,,"Small Trees / Large Shrubs, Evergreen"
Pycnanthemum californicum,MOUNTAIN MINT,,"Small Trees / Large Shrubs, Evergreen"
Quercus agrifolia,COAST LIVE OAK,,Smaller trees and large shrubs with mature heights of less than
Quercus chrysolepis,"CANYON LIVE OAK, GOLDEN-CUP OAK",,Medium Evergreen to Semi-Evergreen Trees; Smaller trees and large shrubs with mature heights of less than
Quercus douglasii,BLUE OAK,,Smaller trees and large shrubs with mature heights of less than
Quercus durata,LEATHER OAK,,"Small Trees / Large Shrubs, Evergreen"
Quercus engelmannii,ENGELMANN OAK,,Smaller trees and large shrubs with mature heights of less than
Quercus garryana,OREGON WHITE OAK,,Smaller trees and large shrubs with mature heights of less than
Quercus kelloggii,BLACK OAK,,Smaller trees and large shrubs with mature heights of less than
Quercus lobata,VALLEY OAK,,Smaller trees and large shrubs with mature heights of less than
Quercus wislizeni,INTERIOR LIVE OAK,,Smaller trees and large shrubs with mature heights of less than
Rhamnus crocea,HOLLYLEAF REDBERRY,,"Small Trees / Large Shrubs, Evergreen"
Rhamnus ilicifolia,HOLLYLEAF REDBERRY,,"Small Trees / Large Shrubs, Evergreen"
"Rhododendron macrophyllum, syn. Rhododendron californicum",COAST RHODODENDRON,,"Small Trees / Large Shrubs, Evergreen"
Rhododendron occidentale,WESTERN AZALEA,,"Small Trees / Large Shrubs, Evergreen"
Rhus aromatica,FRAGRANT SUMAC,,"Small Trees / Large Shrubs, Evergreen"
Rhus integrifolia,LEMONADE BERRY,,"Small Trees / Large Shrubs, Evergreen"
Rhus ovata,SUGAR BUSH,,"Small Trees / Large Shrubs, Evergreen"
Rhus trilobata,SKUNKBUSH,,"Small Trees / Large Shrubs, Evergreen"
Ribes aureum,GOLDEN CURRANT,,"Small Trees / Large Shrubs, Evergreen"
Ribes cereum,WAX CURRANT,,"Small Trees / Large Shrubs, Evergreen"
Ribes indecorum,WHITE- FLOWERING CURRANT,,"Small Trees / Large Shrubs, Evergreen"
Ribes malvaceum,CHAPARRAL CURRANT,,"Small Trees / Large Shrubs, Evergreen"
Ribes sanguineum,RED- FLOWERING CURRANT,,"Small Trees / Large Shrubs, Evergreen"
Ribes speciosum,FUCHSIA- FLOWERING CURRANT,,"Small Trees / Large Shrubs, Evergreen"
Ribes viburnifolium,CATALINA CURRANT,,"Small Trees / Large Shrubs, Evergreen"
Robinia neomexicana,DESERT LOCUST,,"Small Trees / Large Shrubs, Evergreen"
Romneya coulteri,MATILIJA POPPY,,"Small Trees / Large Shrubs, Evergreen"
Rosa nutkana,NOOTKA ROSE,,"Small Trees / Large Shrubs, Evergreen"
"Rubus laciniatus, R. leucodermis, R. ursinus",NATIVE BLACKBERRIES AND RASPBERRIES,,"Small Trees / Large Shrubs, Evergreen"
Rubus parviflorus,THIMBLEBERRY,,"Small Trees / Large Shrubs, Evergreen"
Rudbeckia californica,CALIFORNIA CONE FLOWER,,"Small Trees / Large Shrubs, Evergreen"
Ruellia californica,WILD PETUNIA,,"Small Trees / Large Shrubs, Evergreen"
Salicornia pacifica,PICKLEWEED,,"Small Trees / Large Shrubs, Evergreen"
Salix,WILLOW,"species native to your area, like S. exigua (SANDBAR WILLOW)","Small Trees / Large Shrubs, Evergreen"
Salix species native to your area,,,Medium Deciduous Trees
Salvia apiana,WHITE SAGE,,"Small Trees / Large Shrubs, Evergreen"
Salvia brandegeei,"BRANDEGEE SAGE, SANTA ROSA ISLAND SAGE",,"Small Trees / Large Shrubs, Evergreen"
Salvia clevelandii,CLEVELAND SAGE,,"Small Trees / Large Shrubs, Evergreen"
Salvia dorrii,DESERT SAGE,,"Small Trees / Large Shrubs, Evergreen"
Salvia leucophylla,PURPLE SAGE,,"Small Trees / Large Shrubs, Evergreen"
Salvia mellifera,BLACK SAGE,,"Small Trees / Large Shrubs, Evergreen"
Salvia sonomensis,SONOMA SAGE,,"Small Trees / Large Shrubs, Evergreen"
Salvia spathacea,HUMMINGBIRD SAGE,,"Small Trees / Large Shrubs, Evergreen"
Sambucus nigra subsp. cerulea,BLUE ELDERBERRY,,"Small Trees / Large Shrubs, Evergreen"
Sambucus racemosa,RED ELDERBERRY,,"Small Trees / Large Shrubs, Evergreen"
Sanicula bipinnatifida,SNAKEROOT,,"Small Trees / Large Shrubs, Evergreen"
Schoenoplectus californicus,CALIFORNIA BULRUSH,,"Small Trees / Large Shrubs, Evergreen"
Scutellaria mexicana,MEXICAN BLADDERSAGE,,"Small Trees / Large Shrubs, Evergreen"
Sedum divergens,CASCADE STONECROP,,"Small Trees / Large Shrubs, Evergreen"
Sedum laxum,ROSEFLOWER STONECROP,,"Small Trees / Large Shrubs, Evergreen"
Sedum niveum,DAVIDSON’S STONECROP,,"Small Trees / Large Shrubs, Evergreen"
Sedum spathulifolium,YELLOW STONECROP,and others,"Small Trees / Large Shrubs, Evergreen"
Shepherdia argentea,SILVER BUFFALO BERRY,,"Small Trees / Large Shrubs, Evergreen"
Sidalcea,CHECKERMALLOW,species Symphiotrichum (ASTER) species,"Small Trees / Large Shrubs, Evergreen"
Sidalcea campestris,MEADOW CHECKERMALLOW,,"Small Trees / Large Shrubs, Evergreen"
Sidalcea malviflora,CHECKERBLOOM,,"Small Trees / Large Shrubs, Evergreen"
Sidalcea oregana,OREGON CHECKERMALLOW,and others,"Small Trees / Large Shrubs, Evergreen"
Silene californica,CALIFORNIA INDIAN PINK,,"Small Trees / Large Shrubs, Evergreen"
Silene laciniata,CARDINAL CATCHFLY,,"Small Trees / Large Shrubs, Evergreen"
Simmondsia chinensis,JOJOBA,,"Small Trees / Large Shrubs, Evergreen"
Sisyrinchium bellum,WESTERN BLUE-EYED GRASS,,"Small Trees / Large Shrubs, Evergreen"
Solanum xanti,PURPLE NIGHTSHADE,,"Small Trees / Large Shrubs, Evergreen"
Solidago lepida,WESTERN GOLDENROD,,"Small Trees / Large Shrubs, Evergreen"
Solidago spathulata,COAST GOLDENROD,,"Small Trees / Large Shrubs, Evergreen"
Solidago velutina subsp. californica,CALIFORNIA GOLDENROD,,"Small Trees / Large Shrubs, Evergreen"
Sorbus californica,CALIFORNIA MOUNTAIN ASH,,"Small Trees / Large Shrubs, Evergreen"
Sorbus scopulina,WESTERN MOUNTAIN ASH,,"Small Trees / Large Shrubs, Evergreen"
Sorbus sitchensis,SITKA/WESTERN MOUNTAIN ASH,,"Small Trees / Large Shrubs, Evergreen"
Sphaeralcea ambigua,DESERT MALLOW,,"Small Trees / Large Shrubs, Evergreen"
Spirea densiflora,MOUNTAIN SPIREA,,"Small Trees / Large Shrubs, Evergreen"
Spirea douglasii,WESTERN SPIREA,,"Small Trees / Large Shrubs, Evergreen"
Sporobolus airoides,ALKALI SACATON,,"Small Trees / Large Shrubs, Evergreen"
Sporobolus aroides,ALKALAI SACATON,,"Small Trees / Large Shrubs, Evergreen"
Stipa cernua,NODDING NEEDLEGRASS,,"Small Trees / Large Shrubs, Evergreen"
Stipa lepida,FOOTHILL NEEDLEGRASS,,"Small Trees / Large Shrubs, Evergreen"
Stipa pulchra,PURPLE NEEDLEGRASS,and others,"Small Trees / Large Shrubs, Evergreen"
Styrax redivivus,CALIFORNIA SNOWDROP,,"Small Trees / Large Shrubs, Evergreen"
Symphiotrichum,ASTER,species Venegasia carpesioides (CANYON SUNFLOWER),"Small Trees / Large Shrubs, Evergreen"
Symphiotrichum chilense,PACIFIC/CALIFORNIA ASTER,,"Small Trees / Large Shrubs, Evergreen"
Symphoricarpos albus,COMMON SNOWBERRY,,"Small Trees / Large Shrubs, Evergreen"
Symphoricarpos mollis,CREEPING SNOWBERRY,,"Small Trees / Large Shrubs, Evergreen"
Symphyotrichum foliaceum,LEAFY ASTER,,"Small Trees / Large Shrubs, Evergreen"
Symphyotrichum hallii,HALL’S ASTER,,"Small Trees / Large Shrubs, Evergreen"
Symphyotrichum subspicatum,DOUGLAS’ ASTER,,"Small Trees / Large Shrubs, Evergreen"
Tellima grandiflora,FRINGE CUPS,,"Small Trees / Large Shrubs, Evergreen"
Thalictrum fenderli,MEADOW RUE,,"Small Trees / Large Shrubs, Evergreen"
Thamnosma montana,TURPENTINE BROOM,,"Small Trees / Large Shrubs, Evergreen"
"Thymophylla pentachaeta, syn. Dyssodia pentachaeta",GOLDEN DYSSODIA,,"Small Trees / Large Shrubs, Evergreen"
Tiarella trifoliata var. unifoliata,FOAMFLOWER,,"Small Trees / Large Shrubs, Evergreen"
Tolmiea menziesii,PIGGYBACK PLANT,,"Small Trees / Large Shrubs, Evergreen"
Trichostema lanatum,WOOLLY BLUE CURLS,,"Small Trees / Large Shrubs, Evergreen"
Trifolium albopurpureum,RANCHERIA CLOVER,,"Small Trees / Large Shrubs, Evergreen"
Trifolium ciliolatum,FOOTHILL CLOVER,,"Small Trees / Large Shrubs, Evergreen"
Trifolium fucatum,SOUR CLOVER,and others,"Small Trees / Large Shrubs, Evergreen"
Trifolium wildenovii,TOMCAT CLOVER,and others,"Small Trees / Large Shrubs, Evergreen"
Trifolium wormskioldii,COW’S CLOVER,,"Small Trees / Large Shrubs, Evergreen"
Trillium ovatum,"WESTERN TRILLIUM, WESTERN WAKEROBIN",,"Small Trees / Large Shrubs, Evergreen"
Umbellularia californica,"CALIFORNIA BAY, OREGON MYRTLE",,Medium Evergreen to Semi-Evergreen Trees; Smaller trees and large shrubs with mature heights of less than
Vaccinium parvifolium,RED HUCKLEBERRY,,"Small Trees / Large Shrubs, Evergreen"
Vancouveria chrysantha,GOLDEN INSIDE-OUT FLOWER,,"Small Trees / Large Shrubs, Evergreen"
Vancouveria planipetala,SMALL INSIDE-OUT FLOWER,,"Small Trees / Large Shrubs, Evergreen"
"Viguiera deltoidea, syn. Viguiera parishii",GOLDENEYE,,"Small Trees / Large Shrubs, Evergreen"
Viguiera multiflora,MULTIFLOWERED GOLDENEYE,,"Small Trees / Large Shrubs, Evergreen"
Viola adunca,WESTERN DOG VIOLET,,"Small Trees / Large Shrubs, Evergreen"
Viola bakeri,BAKER’S VIOLET,,"Small Trees / Large Shrubs, Evergreen"
Viola beckwithii,GREAT BASIN VIOLET,,"Small Trees / Large Shrubs, Evergreen"
Viola douglasii,DOUGLAS’ VIOLET,,"Small Trees / Large Shrubs, Evergreen"
Viola pedunculata,JOHNNY JUMP UP,,"Small Trees / Large Shrubs, Evergreen"
Viola purpurea,MOUNTAIN VIOLET,,"Small Trees / Large Shrubs, Evergreen"
Viola sempervirens,REDWOOD VIOLET,,"Small Trees / Large Shrubs, Evergreen"
Vitis californica,CALIFORNIA WILD GRAPE,,"Small Trees / Large Shrubs, Evergreen"
Vitis girdiana,DESERT WILD GRAPE,,"Small Trees / Large Shrubs, Evergreen"
Wyethia amplexicaulis,NORTHERN MULE’S EARS,,"Small Trees / Large Shrubs, Evergreen"
Wyethia angustifolia,NARROWLEAF MULE’S EARS,,"Small Trees / Large Shrubs, Evergreen"
Wyethia glabra,SHINING MULE’S EARS,,"Small Trees / Large Shrubs, Evergreen"
Wyethia helenoides,WHITE MULE’S EARS,,"Small Trees / Large Shrubs, Evergreen"
Wyethia longicaulis,HUMBOLDT COUNTY WYETHIA,,"Small Trees / Large Shrubs, Evergreen"
Wyethia mollis,WOOLLY MULE’S EARS,,"Small Trees / Large Shrubs, Evergreen"
Wyethia ovata,SOUTHERN MULE’S EARS,,"Small Trees / Large Shrubs, Evergreen"
Wyethia species,,,"Small Trees / Large Shrubs, Evergreen"
Xerophyllum tenax,"BEAR GRASS, INDIAN BASKET GRASS",,"Small Trees / Large Shrubs, Evergreen"
Xylococcus bicolor,MISSION MANZANITA,,"Medium Evergreen to Semi-Evergreen Trees; Small Trees / Large Shrubs, Evergreen"
Yucca brevifolia,WESTERN JOSHUA TREE,,"Small Trees / Large Shrubs, Evergreen"
Yucca jaegeriana,EASTERN JOSHUA TREE,,"Small Trees / Large Shrubs, Evergreen"
Yucca schidigera,MOJAVE YUCCA,; all provide great habitat but should not be planted close to structures,"Small Trees / Large Shrubs, Evergreen"
