scientific_name,family,group,origin,comments,source
Cardamine occulta,Brassicaceae,Dicotyledons,"exotic, not naturalized",,AcceptedTaxa_NotTreatedInFlora
Carduus crispus,Asteraceae,Dicotyledons,"exotic, not naturalized",,AcceptedTaxa_NotTreatedInFlora
Carex comans,Cyperaceae,Monocotyledons,"exotic, not naturalized",,AcceptedTaxa_NotTreatedInFlora
Carex mesochorea,Cyperaceae,Monocotyledons,"exotic, not naturalized",,AcceptedTaxa_NotTreatedInFlora
Carex pumila,Cyperaceae,Monocotyledons,"exotic, not naturalized",,AcceptedTaxa_NotTreatedInFlora
Carpobrotus edulis,Aizoaceae,Dicotyledons,"exotic, not naturalized",,AcceptedTaxa_NotTreatedInFlora
Carum carvi,Apiaceae,Dicotyledons,"exotic, not naturalized",,AcceptedTaxa_NotTreatedInFlora
Celastrus orbiculatus,Celastraceae,Dicotyledons,"exotic, not naturalized",,AcceptedTaxa_NotTreatedInFlora
Centaurea × kleinii,Asteraceae,Dicotyledons,"exotic, not naturalized",,AcceptedTaxa_NotTreatedInFlora
Centaurea × psammogena,Asteraceae,Dicotyledons,"exotic, not naturalized",,AcceptedTaxa_NotTreatedInFlora
Centaurea calcitrapa,Asteraceae,Dicotyledons,"exotic, not naturalized",,AcceptedTaxa_NotTreatedInFlora
Centaurea iberica,Asteraceae,Dicotyledons,"exotic, not naturalized",,AcceptedTaxa_NotTreatedInFlora
Centaurea nigrescens,Asteraceae,Dicotyledons,"exotic, not naturalized",,AcceptedTaxa_NotTreatedInFlora
Centella erecta,Apiaceae,Dicotyledons,"exotic, not naturalized",,AcceptedTaxa_NotTreatedInFlora
Chaerophyllum temulum,Apiaceae,Dicotyledons,"exotic, not naturalized",,AcceptedTaxa_NotTreatedInFlora
Chamaemelum mixtum,Asteraceae,Dicotyledons,"exotic, not naturalized",,AcceptedTaxa_NotTreatedInFlora
Chamaesyce prostrata,Euphorbiaceae,Dicotyledons,"exotic, not naturalized",,AcceptedTaxa_NotTreatedInFlora
Chamaesyce serpens,Euphorbiaceae,Dicotyledons,"exotic, not naturalized",,AcceptedTaxa_NotTreatedInFlora
Chenopodium capitatum var. capitatum,Amaranthaceae,Dicotyledons,"exotic, not naturalized",,AcceptedTaxa_NotTreatedInFlora
Chenopodium incanum var. occidentale,Amaranthaceae,Dicotyledons,"exotic, not naturalized",,AcceptedTaxa_NotTreatedInFlora
Chenopodium incognitum,Amaranthaceae,Dicotyledons,"exotic, not naturalized",,AcceptedTaxa_NotTreatedInFlora
Chenopodium murale,Amaranthaceae,Dicotyledons,"exotic, not naturalized",,AcceptedTaxa_NotTreatedInFlora
Chenopodium polyspermum var. acutifolium,Amaranthaceae,Dicotyledons,"exotic, not naturalized",,AcceptedTaxa_NotTreatedInFlora
Chenopodium strictum var. glaucophyllum,Amaranthaceae,Dicotyledons,"exotic, not naturalized",,AcceptedTaxa_NotTreatedInFlora
Chenopodium subglabrum,Amaranthaceae,Dicotyledons,"exotic, not naturalized",,AcceptedTaxa_NotTreatedInFlora
Chenopodium vulvaria,Amaranthaceae,Dicotyledons,"exotic, not naturalized",,AcceptedTaxa_NotTreatedInFlora
Chloris radiata,Poaceae,Monocotyledons,"exotic, not naturalized",,AcceptedTaxa_NotTreatedInFlora
Cicer arietinum,Fabaceae,Dicotyledons,"exotic, not naturalized",,AcceptedTaxa_NotTreatedInFlora
Cirsium ochrocentrum var. ochrocentrum,Asteraceae,Dicotyledons,"exotic, not naturalized",,AcceptedTaxa_NotTreatedInFlora
Cladoraphis cyperoides,Poaceae,Monocotyledons,"exotic, not naturalized",,AcceptedTaxa_NotTreatedInFlora
Cnidium monnieri,Apiaceae,Dicotyledons,"exotic, not naturalized",,AcceptedTaxa_NotTreatedInFlora
Coreopsis rosea,Asteraceae,Dicotyledons,"exotic, not naturalized",,AcceptedTaxa_NotTreatedInFlora
Coriandrum sativum,Apiaceae,Dicotyledons,"exotic, not naturalized",,AcceptedTaxa_NotTreatedInFlora
Cornus obliqua,Cornaceae,Dicotyledons,"exotic, not naturalized",,AcceptedTaxa_NotTreatedInFlora
Cornus sessilis,Cornaceae,Dicotyledons,"exotic, not naturalized",,AcceptedTaxa_NotTreatedInFlora
Cosmos bipinnatus,Asteraceae,Dicotyledons,"exotic, not naturalized",,AcceptedTaxa_NotTreatedInFlora
Cotinus coggygria,Anacardiaceae,Dicotyledons,"exotic, not naturalized",,AcceptedTaxa_NotTreatedInFlora
Cotula mexicana,Asteraceae,Dicotyledons,"exotic, not naturalized",,AcceptedTaxa_NotTreatedInFlora
Crepis tectorum,Asteraceae,Dicotyledons,"exotic, not naturalized",,AcceptedTaxa_NotTreatedInFlora
Crocus kotschyanus,Iridaceae,Monocotyledons,"exotic, not naturalized",,AcceptedTaxa_NotTreatedInFlora
Crocus tommasinianus,Iridaceae,Monocotyledons,"exotic, not naturalized",,AcceptedTaxa_NotTreatedInFlora
Cucumis anguria,Cucurbitaceae,Dicotyledons,"exotic, not naturalized",,AcceptedTaxa_NotTreatedInFlora
Cycladenia humilis var. humilis,Apocynaceae,Dicotyledons,"exotic, not naturalized",,AcceptedTaxa_NotTreatedInFlora
Cyclospermum leptophyllum,Apiaceae,Dicotyledons,"exotic, not naturalized",,AcceptedTaxa_NotTreatedInFlora
Cynodon × magennisii,Poaceae,Monocotyledons,"exotic, not naturalized",,AcceptedTaxa_NotTreatedInFlora
Cyperus aggregatus,Cyperaceae,Monocotyledons,"exotic, not naturalized",,AcceptedTaxa_NotTreatedInFlora
Cyperus fuscus,Cyperaceae,Monocotyledons,"exotic, not naturalized",,AcceptedTaxa_NotTreatedInFlora
Cyperus odoratus,Cyperaceae,Monocotyledons,"exotic, not naturalized",,AcceptedTaxa_NotTreatedInFlora
Delosperma cooperi,Aizoaceae,Dicotyledons,"exotic, not naturalized",,AcceptedTaxa_NotTreatedInFlora
Dichanthelium commutatum var. commutatum,Poaceae,Monocotyledons,"exotic, not naturalized",,AcceptedTaxa_NotTreatedInFlora
Dichelostemma volubile,Asparagaceae,Monocotyledons,"exotic, not naturalized",,AcceptedTaxa_NotTreatedInFlora
Diplotaxis muralis,Brassicaceae,Dicotyledons,"exotic, not naturalized",,AcceptedTaxa_NotTreatedInFlora
Dipsacus laciniatus,Dipsacaceae,Dicotyledons,"exotic, not naturalized",,AcceptedTaxa_NotTreatedInFlora
Doronicum plantagineum,Asteraceae,Dicotyledons,"exotic, not naturalized",,AcceptedTaxa_NotTreatedInFlora
Dracunculus vulgaris,Araceae,Monocotyledons,"exotic, not naturalized",,AcceptedTaxa_NotTreatedInFlora
Dysphania multifida,Amaranthaceae,Dicotyledons,"exotic, not naturalized",,AcceptedTaxa_NotTreatedInFlora
Echinochloa colona,Poaceae,Monocotyledons,"exotic, not naturalized",,AcceptedTaxa_NotTreatedInFlora
Echinochloa crus-pavonis var. crus-pavonis,Poaceae,Monocotyledons,"exotic, not naturalized",,AcceptedTaxa_NotTreatedInFlora
Echinocystis lobata,Cucurbitaceae,Dicotyledons,"exotic, not naturalized",,AcceptedTaxa_NotTreatedInFlora
Echium candicans,Boraginaceae,Dicotyledons,"exotic, not naturalized",,AcceptedTaxa_NotTreatedInFlora
Echium vulgare,Boraginaceae,Dicotyledons,"exotic, not naturalized",,AcceptedTaxa_NotTreatedInFlora
Eichhornia crassipes,Pontederiaceae,Monocotyledons,"exotic, not naturalized",,AcceptedTaxa_NotTreatedInFlora
Elaeagnus commutata,Elaeagnaceae,Dicotyledons,"exotic, not naturalized",,AcceptedTaxa_NotTreatedInFlora
Eleusine tristachya,Poaceae,Monocotyledons,"exotic, not naturalized",,AcceptedTaxa_NotTreatedInFlora
Elymus ciliaris,Poaceae,Monocotyledons,"exotic, not naturalized",,AcceptedTaxa_NotTreatedInFlora
Elymus tsukushiensis,Poaceae,Monocotyledons,"exotic, not naturalized",,AcceptedTaxa_NotTreatedInFlora
Eragrostis pectinacea var. miserrima,Poaceae,Monocotyledons,"exotic, not naturalized",,AcceptedTaxa_NotTreatedInFlora
Erica carnea,Ericaceae,Dicotyledons,"exotic, not naturalized",,AcceptedTaxa_NotTreatedInFlora
Erigeron karvinskianus,Asteraceae,Dicotyledons,"exotic, not naturalized",,AcceptedTaxa_NotTreatedInFlora
Escallonia rubra,Escalloniaceae,Dicotyledons,"exotic, not naturalized",,AcceptedTaxa_NotTreatedInFlora
Euonymus europaeus,Celastraceae,Dicotyledons,"exotic, not naturalized",,AcceptedTaxa_NotTreatedInFlora
Euonymus fortunei,Celastraceae,Dicotyledons,"exotic, not naturalized",,AcceptedTaxa_NotTreatedInFlora
Euphorbia characias,Euphorbiaceae,Dicotyledons,"exotic, not naturalized",,AcceptedTaxa_NotTreatedInFlora
Euphorbia dentata,Euphorbiaceae,Dicotyledons,"exotic, not naturalized",,AcceptedTaxa_NotTreatedInFlora
Euthamia graminifolia,Asteraceae,Dicotyledons,"exotic, not naturalized",,AcceptedTaxa_NotTreatedInFlora
Filago pyramidata var. pyramidata,Asteraceae,Dicotyledons,"exotic, not naturalized",,AcceptedTaxa_NotTreatedInFlora
Filago vulgaris,Asteraceae,Dicotyledons,"exotic, not naturalized",,AcceptedTaxa_NotTreatedInFlora
Frankenia pulverulenta,Frankeniaceae,Dicotyledons,"exotic, not naturalized",,AcceptedTaxa_NotTreatedInFlora
Fritillaria eastwoodiae,Liliaceae,Monocotyledons,"exotic, not naturalized",,AcceptedTaxa_NotTreatedInFlora
Fritillaria purdyi,Liliaceae,Monocotyledons,"exotic, not naturalized",,AcceptedTaxa_NotTreatedInFlora
Gaillardia × grandiflora,Asteraceae,Dicotyledons,"exotic, not naturalized",,AcceptedTaxa_NotTreatedInFlora
Gaillardia pulchella,Asteraceae,Dicotyledons,"exotic, not naturalized",,AcceptedTaxa_NotTreatedInFlora
Galanthus nivalis,Amaryllidaceae,Monocotyledons,"exotic, not naturalized",,AcceptedTaxa_NotTreatedInFlora
Galinsoga parviflora,Asteraceae,Dicotyledons,"exotic, not naturalized",,AcceptedTaxa_NotTreatedInFlora
Gladiolus communis,Iridaceae,Monocotyledons,"exotic, not naturalized",,AcceptedTaxa_NotTreatedInFlora
Gleditsia triacanthos,Fabaceae,Dicotyledons,"exotic, not naturalized",,AcceptedTaxa_NotTreatedInFlora
Gypsophila elegans,Caryophyllaceae,Dicotyledons,"exotic, not naturalized",,AcceptedTaxa_NotTreatedInFlora
Gypsophila pilosa,Caryophyllaceae,Dicotyledons,"exotic, not naturalized",,AcceptedTaxa_NotTreatedInFlora
Hackelia mundula,Boraginaceae,Dicotyledons,"exotic, not naturalized",,AcceptedTaxa_NotTreatedInFlora
Hedera colchica,Araliaceae,Dicotyledons,"exotic, not naturalized",,AcceptedTaxa_NotTreatedInFlora
Helenium puberulum,Asteraceae,Dicotyledons,"exotic, not naturalized",,AcceptedTaxa_NotTreatedInFlora
Helianthus petiolaris,Asteraceae,Dicotyledons,"exotic, not naturalized",,AcceptedTaxa_NotTreatedInFlora
Helianthus tuberosus,Asteraceae,Dicotyledons,"exotic, not naturalized",,AcceptedTaxa_NotTreatedInFlora
Hemerocallis fulva,Xanthorrhoeaceae,Monocotyledons,"exotic, not naturalized",,AcceptedTaxa_NotTreatedInFlora
Hemerocallis minor,Xanthorrhoeaceae,Monocotyledons,"exotic, not naturalized",,AcceptedTaxa_NotTreatedInFlora
Heracleum mantegazzianum,Apiaceae,Dicotyledons,"exotic, not naturalized",,AcceptedTaxa_NotTreatedInFlora
Hesperocyparis macrocarpa,Cupressaceae,Gymnosperms,"exotic, not naturalized",,AcceptedTaxa_NotTreatedInFlora
Hesperocyparis sargentii,Cupressaceae,Gymnosperms,"exotic, not naturalized",,AcceptedTaxa_NotTreatedInFlora
Hieracium piloselloides,Asteraceae,Dicotyledons,"exotic, not naturalized",,AcceptedTaxa_NotTreatedInFlora
Hieracium sabaudum,Asteraceae,Dicotyledons,"exotic, not naturalized",,AcceptedTaxa_NotTreatedInFlora
Hoita macrostachya,Fabaceae,Dicotyledons,"exotic, not naturalized",,AcceptedTaxa_NotTreatedInFlora
Hyacinthoides × massartiana,Asparagaceae,Monocotyledons,"exotic, not naturalized",,AcceptedTaxa_NotTreatedInFlora
Inula britannica,Asteraceae,Dicotyledons,"exotic, not naturalized",,AcceptedTaxa_NotTreatedInFlora
Iris orientalis,Iridaceae,Monocotyledons,"exotic, not naturalized",,AcceptedTaxa_NotTreatedInFlora
Iris tenuissima,Iridaceae,Monocotyledons,"exotic, not naturalized",,AcceptedTaxa_NotTreatedInFlora
Juncus pylaei,Juncaceae,Monocotyledons,"exotic, not naturalized",,AcceptedTaxa_NotTreatedInFlora
Juniperus chinensis,Cupressaceae,Gymnosperms,"exotic, not naturalized",,AcceptedTaxa_NotTreatedInFlora
Knautia arvensis,Dipsacaceae,Dicotyledons,"exotic, not naturalized",,AcceptedTaxa_NotTreatedInFlora
Kniphofia uvaria,Xanthorrhoeaceae,Monocotyledons,"exotic, not naturalized",,AcceptedTaxa_NotTreatedInFlora
Laburnum anagyroides,Fabaceae,Dicotyledons,"exotic, not naturalized",,AcceptedTaxa_NotTreatedInFlora
Lactuca canadensis,Asteraceae,Dicotyledons,"exotic, not naturalized",,AcceptedTaxa_NotTreatedInFlora
Lactuca ludoviciana,Asteraceae,Dicotyledons,"exotic, not naturalized",,AcceptedTaxa_NotTreatedInFlora
Lagurus ovatus,Poaceae,Monocotyledons,"exotic, not naturalized",,AcceptedTaxa_NotTreatedInFlora
Lapsanastrum apogonoides,Asteraceae,Dicotyledons,"exotic, not naturalized",,AcceptedTaxa_NotTreatedInFlora
Lathyrus nissolia,Fabaceae,Dicotyledons,"exotic, not naturalized",,AcceptedTaxa_NotTreatedInFlora
Lathyrus odoratus,Fabaceae,Dicotyledons,"exotic, not naturalized",,AcceptedTaxa_NotTreatedInFlora
Lathyrus sativus,Fabaceae,Dicotyledons,"exotic, not naturalized",,AcceptedTaxa_NotTreatedInFlora
Lathyrus vernus,Fabaceae,Dicotyledons,"exotic, not naturalized",,AcceptedTaxa_NotTreatedInFlora
Layia carnosa,Asteraceae,Dicotyledons,"exotic, not naturalized",,AcceptedTaxa_NotTreatedInFlora
Layia chrysanthemoides,Asteraceae,Dicotyledons,"exotic, not naturalized",,AcceptedTaxa_NotTreatedInFlora
Layia fremontii,Asteraceae,Dicotyledons,"exotic, not naturalized",,AcceptedTaxa_NotTreatedInFlora
Layia platyglossa,Asteraceae,Dicotyledons,"exotic, not naturalized",,AcceptedTaxa_NotTreatedInFlora
Layia septentrionalis,Asteraceae,Dicotyledons,"exotic, not naturalized",,AcceptedTaxa_NotTreatedInFlora
Leontodon autumnalis var. pratensis,Asteraceae,Dicotyledons,"exotic, not naturalized",,AcceptedTaxa_NotTreatedInFlora
Lepidium graminifolium,Brassicaceae,Dicotyledons,"exotic, not naturalized",,AcceptedTaxa_NotTreatedInFlora
Lepidium pinnatifidum,Brassicaceae,Dicotyledons,"exotic, not naturalized",,AcceptedTaxa_NotTreatedInFlora
Lepidium ruderale,Brassicaceae,Dicotyledons,"exotic, not naturalized",,AcceptedTaxa_NotTreatedInFlora
Leucanthemum × superbum,Asteraceae,Dicotyledons,"exotic, not naturalized",,AcceptedTaxa_NotTreatedInFlora
Leucanthemum maximum,Asteraceae,Dicotyledons,"exotic, not naturalized",,AcceptedTaxa_NotTreatedInFlora
Leucojum aestivum,Amaryllidaceae,Monocotyledons,"exotic, not naturalized",,AcceptedTaxa_NotTreatedInFlora
Leymus × multiflorus,Poaceae,Monocotyledons,"exotic, not naturalized",,AcceptedTaxa_NotTreatedInFlora
Leymus racemosus,Poaceae,Monocotyledons,"exotic, not naturalized",,AcceptedTaxa_NotTreatedInFlora
Lithodora diffusa ssp. diffusa,Boraginaceae,Dicotyledons,"exotic, not naturalized",,AcceptedTaxa_NotTreatedInFlora
Lobelia cardinalis,Campanulaceae,Dicotyledons,"exotic, not naturalized",,AcceptedTaxa_NotTreatedInFlora
Lobelia erinus,Campanulaceae,Dicotyledons,"exotic, not naturalized",,AcceptedTaxa_NotTreatedInFlora
Lobelia pedunculata,Campanulaceae,Dicotyledons,"exotic, not naturalized",,AcceptedTaxa_NotTreatedInFlora
Lolium × hybridum,Poaceae,Monocotyledons,"exotic, not naturalized",,AcceptedTaxa_NotTreatedInFlora
Lolium rigidum,Poaceae,Monocotyledons,"exotic, not naturalized",,AcceptedTaxa_NotTreatedInFlora
Lonicera japonica,Caprifoliaceae,Dicotyledons,"exotic, not naturalized",,AcceptedTaxa_NotTreatedInFlora
Lonicera maackii,Caprifoliaceae,Dicotyledons,"exotic, not naturalized",,AcceptedTaxa_NotTreatedInFlora
Lonicera subspicata var. denudata,Caprifoliaceae,Dicotyledons,"exotic, not naturalized",,AcceptedTaxa_NotTreatedInFlora
Lonicera tatarica,Caprifoliaceae,Dicotyledons,"exotic, not naturalized",,AcceptedTaxa_NotTreatedInFlora
Lotus subbiflorus var. subbiflorus,Fabaceae,Dicotyledons,"exotic, not naturalized",,AcceptedTaxa_NotTreatedInFlora
Marah fabacea,Cucurbitaceae,Dicotyledons,"exotic, not naturalized",,AcceptedTaxa_NotTreatedInFlora
Marah watsonii,Cucurbitaceae,Dicotyledons,"exotic, not naturalized",,AcceptedTaxa_NotTreatedInFlora
Matthiola incana,Brassicaceae,Dicotyledons,"exotic, not naturalized",,AcceptedTaxa_NotTreatedInFlora
Medicago falcata,Fabaceae,Dicotyledons,"exotic, not naturalized",,AcceptedTaxa_NotTreatedInFlora
Medicago turbinata,Fabaceae,Dicotyledons,"exotic, not naturalized",,AcceptedTaxa_NotTreatedInFlora
Mercurialis annua,Euphorbiaceae,Dicotyledons,"exotic, not naturalized",,AcceptedTaxa_NotTreatedInFlora
Miscanthus sinensis,Poaceae,Monocotyledons,"exotic, not naturalized",,AcceptedTaxa_NotTreatedInFlora
Muilla transmontana,Asparagaceae,Monocotyledons,"exotic, not naturalized",,AcceptedTaxa_NotTreatedInFlora
Murdannia keisak,Commelinaceae,Monocotyledons,"exotic, not naturalized",,AcceptedTaxa_NotTreatedInFlora
Muscari armeniacum,Asparagaceae,Monocotyledons,"exotic, not naturalized",,AcceptedTaxa_NotTreatedInFlora
Myosotis ramosissima,Boraginaceae,Dicotyledons,"exotic, not naturalized",,AcceptedTaxa_NotTreatedInFlora
Myosotis sylvatica,Boraginaceae,Dicotyledons,"exotic, not naturalized",,AcceptedTaxa_NotTreatedInFlora
Myosoton aquaticum,Caryophyllaceae,Dicotyledons,"exotic, not naturalized",,AcceptedTaxa_NotTreatedInFlora
Myrrhis odorata,Apiaceae,Dicotyledons,"exotic, not naturalized",,AcceptedTaxa_NotTreatedInFlora
Narcissus × incomparabilis,Amaryllidaceae,Monocotyledons,"exotic, not naturalized",,AcceptedTaxa_NotTreatedInFlora
Narcissus × odorus,Amaryllidaceae,Monocotyledons,"exotic, not naturalized",,AcceptedTaxa_NotTreatedInFlora
Narcissus tazetta,Amaryllidaceae,Monocotyledons,"exotic, not naturalized",,AcceptedTaxa_NotTreatedInFlora
Nasturtium × sterile,Brassicaceae,Dicotyledons,"exotic, not naturalized",,AcceptedTaxa_NotTreatedInFlora
Neslia paniculata,Brassicaceae,Dicotyledons,"exotic, not naturalized",,AcceptedTaxa_NotTreatedInFlora
Oncosiphon suffruticosum,Asteraceae,Dicotyledons,"exotic, not naturalized",,AcceptedTaxa_NotTreatedInFlora
Ononis spinosa ssp. maritima,Fabaceae,Dicotyledons,"exotic, not naturalized",,AcceptedTaxa_NotTreatedInFlora
Onopordum tauricum,Asteraceae,Dicotyledons,"exotic, not naturalized",,AcceptedTaxa_NotTreatedInFlora
Opuntia humifusa,Cactaceae,Dicotyledons,"exotic, not naturalized",,AcceptedTaxa_NotTreatedInFlora
Ornithogalum nutans,Asparagaceae,Monocotyledons,"exotic, not naturalized",,AcceptedTaxa_NotTreatedInFlora
Panicum virgatum,Poaceae,Monocotyledons,"exotic, not naturalized",,AcceptedTaxa_NotTreatedInFlora
Paronychia franciscana,Caryophyllaceae,Dicotyledons,"exotic, not naturalized",,AcceptedTaxa_NotTreatedInFlora
Pennisetum orientale,Poaceae,Monocotyledons,"exotic, not naturalized",,AcceptedTaxa_NotTreatedInFlora
Pennisetum villosum,Poaceae,Monocotyledons,"exotic, not naturalized",,AcceptedTaxa_NotTreatedInFlora
Petasites fragrans,Asteraceae,Dicotyledons,"exotic, not naturalized",,AcceptedTaxa_NotTreatedInFlora
Petasites japonicus,Asteraceae,Dicotyledons,"exotic, not naturalized",,AcceptedTaxa_NotTreatedInFlora
Phalaris caroliniana,Poaceae,Monocotyledons,"exotic, not naturalized",,AcceptedTaxa_NotTreatedInFlora
Phalaris minor,Poaceae,Monocotyledons,"exotic, not naturalized",,AcceptedTaxa_NotTreatedInFlora
Phedimus spurius,Crassulaceae,Dicotyledons,"exotic, not naturalized",,AcceptedTaxa_NotTreatedInFlora
Phleum arenarium,Poaceae,Monocotyledons,"exotic, not naturalized",,AcceptedTaxa_NotTreatedInFlora
Phleum paniculatum,Poaceae,Monocotyledons,"exotic, not naturalized",,AcceptedTaxa_NotTreatedInFlora
Phleum subulatum,Poaceae,Monocotyledons,"exotic, not naturalized",,AcceptedTaxa_NotTreatedInFlora
Phormium tenax,Xanthorrhoeaceae,Monocotyledons,"exotic, not naturalized",,AcceptedTaxa_NotTreatedInFlora
Phyllodoce breweri,Ericaceae,Dicotyledons,"exotic, not naturalized",,AcceptedTaxa_NotTreatedInFlora
Phyllostachys vivax,Poaceae,Monocotyledons,"exotic, not naturalized",,AcceptedTaxa_NotTreatedInFlora
Pimpinella saxifraga,Apiaceae,Dicotyledons,"exotic, not naturalized",,AcceptedTaxa_NotTreatedInFlora
Pinus monophylla,Pinaceae,Gymnosperms,"exotic, not naturalized",,AcceptedTaxa_NotTreatedInFlora
Pistia stratiotes,Araceae,Monocotyledons,"exotic, not naturalized",,AcceptedTaxa_NotTreatedInFlora
Alopecurus arundinaceus,Poaceae,Monocotyledons,"exotic, naturalized",Oregon occurrence discovered after publication of Flora of Oregon,AcceptedTaxa_NotTreatedInFlora
Carduus cinereus,Asteraceae,Dicotyledons,"exotic, naturalized",Oregon occurrence discovered after publication of Flora of Oregon,AcceptedTaxa_NotTreatedInFlora
Carex agastachys,Cyperaceae,Monocotyledons,"exotic, naturalized",Oregon occurrence discovered after publication of Flora of Oregon,AcceptedTaxa_NotTreatedInFlora
Festuca lemanii,Poaceae,Monocotyledons,"exotic, naturalized",Oregon occurrence discovered after publication of Flora of Oregon; previously misidentified as F. lemanii or F. ovina,AcceptedTaxa_NotTreatedInFlora
Phyllostachys nigra var. henonis,Poaceae,Monocotyledons,"exotic, naturalized",Oregon occurrence discovered after publication of Flora of Oregon,AcceptedTaxa_NotTreatedInFlora
Pinus pinaster,Pinaceae,Gymnosperms,"exotic, naturalized",Oregon occurrence discovered after publication of Flora of Oregon,AcceptedTaxa_NotTreatedInFlora
Poa iconia var. iconia,Poaceae,Monocotyledons,"exotic, naturalized",Oregon occurrence discovered after publication of Flora of Oregon; previously misidentified as P. bulbosa ssp. vivipara,AcceptedTaxa_NotTreatedInFlora
Trillium chloropetalum,Melanthiaceae,Monocotyledons,"exotic, naturalized",Oregon occurrence discovered after publication of Flora of Oregon; previously misidentified as T. kurabayashii,AcceptedTaxa_NotTreatedInFlora
× Aegilotriticum sancti-andreae,Poaceae,Monocotyledons,"exotic, not naturalized",,AcceptedTaxa_NotTreatedInFlora
× Agropogon lutosus,Poaceae,Monocotyledons,"exotic, not naturalized",,AcceptedTaxa_NotTreatedInFlora
× Schedololium holmbergii,Poaceae,Monocotyledons,"exotic, not naturalized",,AcceptedTaxa_NotTreatedInFlora
Acanthospermum hispidum,Asteraceae,Dicotyledons,"exotic, not naturalized",,AcceptedTaxa_NotTreatedInFlora
Achillea filipendulina,Asteraceae,Dicotyledons,"exotic, not naturalized",,AcceptedTaxa_NotTreatedInFlora
Achillea ptarmica,Asteraceae,Dicotyledons,"exotic, not naturalized",,AcceptedTaxa_NotTreatedInFlora
Adiantum shastense,Pteridaceae,Pteridophytes,"exotic, not naturalized",,AcceptedTaxa_NotTreatedInFlora
Aegopodium podagraria,Apiaceae,Dicotyledons,"exotic, not naturalized",,AcceptedTaxa_NotTreatedInFlora
Agropyron fragile,Poaceae,Monocotyledons,"exotic, not naturalized",,AcceptedTaxa_NotTreatedInFlora
Agrostis × murbeckii,Poaceae,Monocotyledons,"exotic, not naturalized",,AcceptedTaxa_NotTreatedInFlora
Allium cratericola,Amaryllidaceae,Monocotyledons,"exotic, not naturalized",,AcceptedTaxa_NotTreatedInFlora
Allium fimbriatum var. fimbriatum,Amaryllidaceae,Monocotyledons,"exotic, not naturalized",,AcceptedTaxa_NotTreatedInFlora
Allium hoffmanii,Amaryllidaceae,Monocotyledons,"exotic, not naturalized",,AcceptedTaxa_NotTreatedInFlora
Allium membranaceum,Amaryllidaceae,Monocotyledons,"exotic, not naturalized",,AcceptedTaxa_NotTreatedInFlora
Alnus glutinosa,Betulaceae,Dicotyledons,"exotic, not naturalized",,AcceptedTaxa_NotTreatedInFlora
Amaranthus deflexus,Amaranthaceae,Dicotyledons,"exotic, not naturalized",,AcceptedTaxa_NotTreatedInFlora
Amaranthus hypochondriacus,Amaranthaceae,Dicotyledons,"exotic, not naturalized",,AcceptedTaxa_NotTreatedInFlora
Amaranthus palmeri,Amaranthaceae,Dicotyledons,"exotic, not naturalized",,AcceptedTaxa_NotTreatedInFlora
Amaranthus viridis,Amaranthaceae,Dicotyledons,"exotic, not naturalized",,AcceptedTaxa_NotTreatedInFlora
Amaryllis belladonna,Amaryllidaceae,Monocotyledons,"exotic, not naturalized",,AcceptedTaxa_NotTreatedInFlora
Ambrosia grayi,Asteraceae,Dicotyledons,"exotic, not naturalized",,AcceptedTaxa_NotTreatedInFlora
Ambrosia trifida,Asteraceae,Dicotyledons,"exotic, not naturalized",,AcceptedTaxa_NotTreatedInFlora
Amelichloa caudata,Poaceae,Monocotyledons,"exotic, not naturalized",,AcceptedTaxa_NotTreatedInFlora
Amorpha californica,Fabaceae,Dicotyledons,"exotic, not naturalized",,AcceptedTaxa_NotTreatedInFlora
Anchusa capensis,Boraginaceae,Dicotyledons,"exotic, not naturalized",,AcceptedTaxa_NotTreatedInFlora
Anthyllis vulneraria,Fabaceae,Dicotyledons,"exotic, not naturalized",,AcceptedTaxa_NotTreatedInFlora
Apium graveolens,Apiaceae,Dicotyledons,"exotic, not naturalized",,AcceptedTaxa_NotTreatedInFlora
Arctostaphylos mewukka ssp. mewukka,Ericaceae,Dicotyledons,"exotic, not naturalized",,AcceptedTaxa_NotTreatedInFlora
Arctotheca calendula,Asteraceae,Dicotyledons,"exotic, not naturalized",,AcceptedTaxa_NotTreatedInFlora
Arenaria montana,Caryophyllaceae,Dicotyledons,"exotic, not naturalized",,AcceptedTaxa_NotTreatedInFlora
Aristolochia macrophylla,Aristolochiaceae,Dicotyledons,"exotic, not naturalized",,AcceptedTaxa_NotTreatedInFlora
Armoracia rusticana,Brassicaceae,Dicotyledons,"exotic, not naturalized",,AcceptedTaxa_NotTreatedInFlora
Artemisia abrotanum,Asteraceae,Dicotyledons,"exotic, not naturalized",,AcceptedTaxa_NotTreatedInFlora
Arthraxon hispidus,Poaceae,Monocotyledons,"exotic, not naturalized",,AcceptedTaxa_NotTreatedInFlora
Arundo donax,Poaceae,Monocotyledons,"exotic, not naturalized",,AcceptedTaxa_NotTreatedInFlora
Asarum hartwegii,Aristolochiaceae,Dicotyledons,"exotic, not naturalized",,AcceptedTaxa_NotTreatedInFlora
Asclepias solanoana,Apocynaceae,Dicotyledons,"exotic, not naturalized",,AcceptedTaxa_NotTreatedInFlora
Asplenium bulbiferum,Aspleniaceae,Pteridophytes,"exotic, not naturalized",,AcceptedTaxa_NotTreatedInFlora
Astragalus cicer,Fabaceae,Dicotyledons,"exotic, not naturalized",,AcceptedTaxa_NotTreatedInFlora
Astragalus drummondii,Fabaceae,Dicotyledons,"exotic, not naturalized",,AcceptedTaxa_NotTreatedInFlora
Atriplex hymenelytra,Amaranthaceae,Dicotyledons,"exotic, not naturalized",,AcceptedTaxa_NotTreatedInFlora
Atriplex oblongifolia,Amaranthaceae,Dicotyledons,"exotic, not naturalized",,AcceptedTaxa_NotTreatedInFlora
Baccharis salicifolia ssp. salicifolia,Asteraceae,Dicotyledons,"exotic, not naturalized",,AcceptedTaxa_NotTreatedInFlora
Balsamorhiza lanata,Asteraceae,Dicotyledons,"exotic, not naturalized",,AcceptedTaxa_NotTreatedInFlora
Berberis julianae,Berberidaceae,Dicotyledons,"exotic, not naturalized",,AcceptedTaxa_NotTreatedInFlora
Berberis vulgaris,Berberidaceae,Dicotyledons,"exotic, not naturalized",,AcceptedTaxa_NotTreatedInFlora
Beta vulgaris,Amaranthaceae,Dicotyledons,"exotic, not naturalized",,AcceptedTaxa_NotTreatedInFlora
Betula × utahensis,Betulaceae,Dicotyledons,"exotic, not naturalized",,AcceptedTaxa_NotTreatedInFlora
Bouteloua dactyloides,Poaceae,Monocotyledons,"exotic, not naturalized",,AcceptedTaxa_NotTreatedInFlora
Bouteloua gracilis,Poaceae,Monocotyledons,"exotic, not naturalized",,AcceptedTaxa_NotTreatedInFlora
Brachypodium distachyon,Poaceae,Monocotyledons,"exotic, not naturalized",,AcceptedTaxa_NotTreatedInFlora
Brachypodium pinnatum,Poaceae,Monocotyledons,"exotic, not naturalized",,AcceptedTaxa_NotTreatedInFlora
Brassica elongata,Brassicaceae,Dicotyledons,"exotic, not naturalized",,AcceptedTaxa_NotTreatedInFlora
Brodiaea minor,Asparagaceae,Monocotyledons,"exotic, not naturalized",,AcceptedTaxa_NotTreatedInFlora
Bromus madritensis,Poaceae,Monocotyledons,"exotic, not naturalized",,AcceptedTaxa_NotTreatedInFlora
Bupleurum odontites,Apiaceae,Dicotyledons,"exotic, not naturalized",,AcceptedTaxa_NotTreatedInFlora
Bupleurum rotundifolium,Apiaceae,Dicotyledons,"exotic, not naturalized",,AcceptedTaxa_NotTreatedInFlora
Butomus umbellatus,Butomaceae,Monocotyledons,"exotic, not naturalized",,AcceptedTaxa_NotTreatedInFlora
Calendula officinalis,Asteraceae,Dicotyledons,"exotic, not naturalized",,AcceptedTaxa_NotTreatedInFlora
Calycanthus occidentalis,Calycanthaceae,Dicotyledons,"exotic, not naturalized",,AcceptedTaxa_NotTreatedInFlora
Calystegia sepium ssp. erratica,Convolvulaceae,Dicotyledons,"exotic, not naturalized",,AcceptedTaxa_NotTreatedInFlora
Cardamine flexuosa,Brassicaceae,Dicotyledons,"exotic, not naturalized",,AcceptedTaxa_NotTreatedInFlora
Planodes virginicum,Brassicaceae,Dicotyledons,"exotic, not naturalized",,AcceptedTaxa_NotTreatedInFlora
Polypogon australis,Poaceae,Monocotyledons,"exotic, not naturalized",,AcceptedTaxa_NotTreatedInFlora
Polypogon fugax,Poaceae,Monocotyledons,"exotic, not naturalized",,AcceptedTaxa_NotTreatedInFlora
Pseudosasa japonica,Poaceae,Monocotyledons,"exotic, not naturalized",,AcceptedTaxa_NotTreatedInFlora
Puccinellia simplex,Poaceae,Monocotyledons,"exotic, not naturalized",,AcceptedTaxa_NotTreatedInFlora
Quercus palustris,Fagaceae,Dicotyledons,"exotic, not naturalized",,AcceptedTaxa_NotTreatedInFlora
Quercus robur,Fagaceae,Dicotyledons,"exotic, not naturalized",,AcceptedTaxa_NotTreatedInFlora
Quercus rubra,Fagaceae,Dicotyledons,"exotic, not naturalized",,AcceptedTaxa_NotTreatedInFlora
Rapistrum rugosum,Brassicaceae,Dicotyledons,"exotic, not naturalized",,AcceptedTaxa_NotTreatedInFlora
Romulea rosea var. australis,Iridaceae,Monocotyledons,"exotic, not naturalized",,AcceptedTaxa_NotTreatedInFlora
Rorippa indica,Brassicaceae,Dicotyledons,"exotic, not naturalized",,AcceptedTaxa_NotTreatedInFlora
Rudbeckia hirta var. pulcherrima,Asteraceae,Dicotyledons,"exotic, not naturalized",,AcceptedTaxa_NotTreatedInFlora
Sagina alexandrae,Caryophyllaceae,Dicotyledons,"exotic, not naturalized",,AcceptedTaxa_NotTreatedInFlora
Sagina japonica,Caryophyllaceae,Dicotyledons,"exotic, not naturalized",,AcceptedTaxa_NotTreatedInFlora
Sagittaria graminea ssp. graminea,Alismataceae,Monocotyledons,"exotic, not naturalized",,AcceptedTaxa_NotTreatedInFlora
Sagittaria platyphylla,Alismataceae,Monocotyledons,"exotic, not naturalized",,AcceptedTaxa_NotTreatedInFlora
Salsola kali ssp. pontica,Amaranthaceae,Dicotyledons,"exotic, not naturalized",,AcceptedTaxa_NotTreatedInFlora
Sasa palmata,Poaceae,Monocotyledons,"exotic, not naturalized",,AcceptedTaxa_NotTreatedInFlora
Schoenoplectiella saximontana,Cyperaceae,Monocotyledons,"exotic, not naturalized",,AcceptedTaxa_NotTreatedInFlora
Schoenoplectus × kuekenthalianus,Cyperaceae,Monocotyledons,"exotic, not naturalized",,AcceptedTaxa_NotTreatedInFlora
Secale strictum,Poaceae,Monocotyledons,"exotic, not naturalized",,AcceptedTaxa_NotTreatedInFlora
Sedum acre,Crassulaceae,Dicotyledons,"exotic, not naturalized",,AcceptedTaxa_NotTreatedInFlora
Sedum thartii,Crassulaceae,Dicotyledons,"exotic, not naturalized",,AcceptedTaxa_NotTreatedInFlora
Semiarundinaria fastuosa,Poaceae,Monocotyledons,"exotic, not naturalized",,AcceptedTaxa_NotTreatedInFlora
Senecio × albescens,Asteraceae,Dicotyledons,"exotic, not naturalized",,AcceptedTaxa_NotTreatedInFlora
Senecio cineraria,Asteraceae,Dicotyledons,"exotic, not naturalized",,AcceptedTaxa_NotTreatedInFlora
Senecio viscosus,Asteraceae,Dicotyledons,"exotic, not naturalized",,AcceptedTaxa_NotTreatedInFlora
Setaria faberi,Poaceae,Monocotyledons,"exotic, not naturalized",,AcceptedTaxa_NotTreatedInFlora
Setaria parviflora,Poaceae,Monocotyledons,"exotic, not naturalized",,AcceptedTaxa_NotTreatedInFlora
Setaria viridis var. major,Poaceae,Monocotyledons,"exotic, not naturalized",,AcceptedTaxa_NotTreatedInFlora
Silene dichotoma,Caryophyllaceae,Dicotyledons,"exotic, not naturalized",,AcceptedTaxa_NotTreatedInFlora
Silene pendula,Caryophyllaceae,Dicotyledons,"exotic, not naturalized",,AcceptedTaxa_NotTreatedInFlora
Sisymbrium orientale,Brassicaceae,Dicotyledons,"exotic, not naturalized",,AcceptedTaxa_NotTreatedInFlora
Spartina densiflora,Poaceae,Monocotyledons,"exotic, not naturalized",Oregon occurrence discovered after publication of Flora of Oregon; potentially invasive,AcceptedTaxa_NotTreatedInFlora
Spergularia bocconi,Caryophyllaceae,Dicotyledons,"exotic, not naturalized",,AcceptedTaxa_NotTreatedInFlora
Spergularia media var. media,Caryophyllaceae,Dicotyledons,"exotic, not naturalized",,AcceptedTaxa_NotTreatedInFlora
Spergularia villosa,Caryophyllaceae,Dicotyledons,"exotic, not naturalized",,AcceptedTaxa_NotTreatedInFlora
Sphaeropteris cooperi,Cyatheaceae,Pteridophytes,"exotic, not naturalized",,AcceptedTaxa_NotTreatedInFlora
Sporobolus indicus,Poaceae,Monocotyledons,"exotic, not naturalized",,AcceptedTaxa_NotTreatedInFlora
Sporobolus niliacus,Poaceae,Monocotyledons,"exotic, not naturalized",,AcceptedTaxa_NotTreatedInFlora
Symphyotrichum novae-angliae,Asteraceae,Dicotyledons,"exotic, not naturalized",,AcceptedTaxa_NotTreatedInFlora
Tagetes patula,Asteraceae,Dicotyledons,"exotic, not naturalized",,AcceptedTaxa_NotTreatedInFlora
Taxodium distichum var. distichum,Cupressaceae,Gymnosperms,"exotic, not naturalized",,AcceptedTaxa_NotTreatedInFlora
Tetragonia tetragonioides,Aizoaceae,Dicotyledons,"exotic, not naturalized",,AcceptedTaxa_NotTreatedInFlora
Thelesperma megapotamicum,Asteraceae,Dicotyledons,"exotic, not naturalized",,AcceptedTaxa_NotTreatedInFlora
Thinopyrum junceum,Poaceae,Monocotyledons,"exotic, not naturalized",,AcceptedTaxa_NotTreatedInFlora
Thinopyrum pycnanthum,Poaceae,Monocotyledons,"exotic, not naturalized",,AcceptedTaxa_NotTreatedInFlora
Torilis henryi,Apiaceae,Dicotyledons,"exotic, not naturalized",,AcceptedTaxa_NotTreatedInFlora
Tradescantia fluminensis,Commelinaceae,Monocotyledons,"exotic, not naturalized",,AcceptedTaxa_NotTreatedInFlora
Trifolium echinatum,Fabaceae,Dicotyledons,"exotic, not naturalized",,AcceptedTaxa_NotTreatedInFlora
Trifolium retusum,Fabaceae,Dicotyledons,"exotic, not naturalized",,AcceptedTaxa_NotTreatedInFlora
Trifolium suffocatum,Fabaceae,Dicotyledons,"exotic, not naturalized",,AcceptedTaxa_NotTreatedInFlora
Trifolium tomentosum,Fabaceae,Dicotyledons,"exotic, not naturalized",,AcceptedTaxa_NotTreatedInFlora
Triglochin palustris,Juncaginaceae,Monocotyledons,"exotic, not naturalized",,AcceptedTaxa_NotTreatedInFlora
Tripidium ravennae,Poaceae,Monocotyledons,"exotic, not naturalized",,AcceptedTaxa_NotTreatedInFlora
Tulipa sylvestris,Liliaceae,Monocotyledons,"exotic, not naturalized",,AcceptedTaxa_NotTreatedInFlora
Typha × glauca,Typhaceae,Monocotyledons,"exotic, naturalized",Oregon occurrence discovered after publication of Flora of Oregon; = T.  latifolia (native) x T. angustifolia (exotic); potentially invasive,AcceptedTaxa_NotTreatedInFlora
Urochloa mutica,Poaceae,Monocotyledons,"exotic, not naturalized",,AcceptedTaxa_NotTreatedInFlora
Vaccinium corymbosum,Ericaceae,Dicotyledons,"exotic, not naturalized",,AcceptedTaxa_NotTreatedInFlora
Veratrum fimbriatum,Melanthiaceae,Monocotyledons,"exotic, not naturalized",,AcceptedTaxa_NotTreatedInFlora
Verbesina encelioides,Asteraceae,Dicotyledons,"exotic, not naturalized",,AcceptedTaxa_NotTreatedInFlora
Vicia faba,Fabaceae,Dicotyledons,"exotic, not naturalized",,AcceptedTaxa_NotTreatedInFlora
Vicia lathyroides,Fabaceae,Dicotyledons,"exotic, not naturalized",,AcceptedTaxa_NotTreatedInFlora
Zea mays ssp. mays,Poaceae,Monocotyledons,"exotic, not naturalized",,AcceptedTaxa_NotTreatedInFlora
Zinnia violacea,Asteraceae,Dicotyledons,"exotic, not naturalized",,AcceptedTaxa_NotTreatedInFlora
Agrostis blasdalei,Poaceae,Monocotyledons,native,Oregon occurrence discovered after publication of Flora of Oregon,AcceptedTaxa_NotTreatedInFlora
Agrostis swalalahos,Poaceae,Monocotyledons,native,"new to science, taxon published after publication of Flora of Oregon",AcceptedTaxa_NotTreatedInFlora
Allium dictuon,Amaryllidaceae,Monocotyledons,native,Oregon occurrence discovered after publication of Flora of Oregon,AcceptedTaxa_NotTreatedInFlora
Arctostaphylos × oblongifolia,Ericaceae,Dicotyledons,native,Oregon occurrence mentioned in Flora of Oregon under A. viscida but not named; = A. canescens x A. viscida,AcceptedTaxa_NotTreatedInFlora
Asplenium trichomanes ssp. quadrivalens,Aspleniaceae,Pteridophytes,native,Oregon occurrence mentioned in Flora of Oregon under A. trichomanes ssp. trichomanes,AcceptedTaxa_NotTreatedInFlora
Calamagrostis utsutsuensis,Poaceae,Monocotyledons,native,"new to science, taxon published after publication of Flora of Oregon",AcceptedTaxa_NotTreatedInFlora
Carex vespertina,Cyperaceae,Monocotyledons,native,Oregon occurrence discovered after publication of Flora of Oregon; previously submerged within C. inops.,AcceptedTaxa_NotTreatedInFlora
Eleocharis coloradoensis,Cyperaceae,Monocotyledons,native,Oregon occurrence discovered after publication of Flora of Oregon,AcceptedTaxa_NotTreatedInFlora
Equisetum × nelsonii,Equisetaceae,Pteridophytes,native,Oregon occurrence discovered after publication of Flora of Oregon; = E. hyemale x E. variegatum,AcceptedTaxa_NotTreatedInFlora
Eremogone congesta var. subcongesta,Caryophyllaceae,Dicotyledons,native,Oregon occurrence discovered after publication of Flora of Oregon,AcceptedTaxa_NotTreatedInFlora
Fritillaria camschatcensis,Liliaceae,Monocotyledons,native,Oregon occurrence mentioned in Flora of Oregon; see errata for full description,AcceptedTaxa_NotTreatedInFlora
Hackelia bella,Boraginaceae,Dicotyledons,native,Oregon occurrence discovered after publication of Flora of Oregon,AcceptedTaxa_NotTreatedInFlora
Huperzia miyoshiana,Lycopodiaceae,Pteridophytes,native,Oregon occurrence discovered after publication of Flora of Oregon,AcceptedTaxa_NotTreatedInFlora
Lilium rubescens,Liliaceae,Monocotyledons,native,Oregon occurrence discovered after publication of Flora of Oregon,AcceptedTaxa_NotTreatedInFlora
Myriopteris covillei,Pteridaceae,Pteridophytes,native,Oregon occurrence discovered after publication of Flora of Oregon,AcceptedTaxa_NotTreatedInFlora
Pinus ponderosa var. cunninghamia,Pinaceae,Gymnosperms,native,"new to science, taxon published after publication of Flora of Oregon",AcceptedTaxa_NotTreatedInFlora
Poa glauca ssp. glauca,Poaceae,Monocotyledons,native,Oregon occurrence discovered after publication of Flora of Oregon,AcceptedTaxa_NotTreatedInFlora
Poa mansfieldii,Poaceae,Monocotyledons,native,"new to science, taxon published after publication of Flora of Oregon",AcceptedTaxa_NotTreatedInFlora
Prosartes parvifolia,Liliaceae,Monocotyledons,native,Oregon occurrence inadvertently missed in Flora of Oregon; refer to Flora of Oregon errata,AcceptedTaxa_NotTreatedInFlora
Psorothamnus polydenius,Fabaceae,Dicotyledons,native,Oregon occurrence discovered after publication of Flora of Oregon,AcceptedTaxa_NotTreatedInFlora
Quercus × morehus,Fagaceae,Dicotyledons,native,Oregon occurrence discovered after publication of Flora of Oregon; = Q. kelloggii x Q. wislzeni,AcceptedTaxa_NotTreatedInFlora
Sedum rupicola,Crassulaceae,Dicotyledons,native,Oregon occurrence discovered after publication of Flora of Oregon,AcceptedTaxa_NotTreatedInFlora
Stephanomeria pauciflora,Asteraceae,Dicotyledons,native,Oregon occurrence discovered after publication of Flora of Oregon,AcceptedTaxa_NotTreatedInFlora
Thermopsis robusta,Fabaceae,Dicotyledons,native,Oregon occurrence discovered after publication of Flora of Oregon,AcceptedTaxa_NotTreatedInFlora
Brodiaea nana,Asparagaceae,Monocotyledons,uncertain,,AcceptedTaxa_NotTreatedInFlora
Calochortus amabilis,Liliaceae,Monocotyledons,uncertain,,AcceptedTaxa_NotTreatedInFlora
Calochortus luteus,Liliaceae,Monocotyledons,uncertain,,AcceptedTaxa_NotTreatedInFlora
Calochortus persistens,Liliaceae,Monocotyledons,uncertain,,AcceptedTaxa_NotTreatedInFlora
Elodea bifoliata,Hydrocharitaceae,Monocotyledons,uncertain,,AcceptedTaxa_NotTreatedInFlora
Erythronium multiscapideum,Liliaceae,Monocotyledons,uncertain,,AcceptedTaxa_NotTreatedInFlora
Lygodesmia juncea,Asteraceae,Dicotyledons,uncertain,,AcceptedTaxa_NotTreatedInFlora
Muhlenbergia rigens,Poaceae,Monocotyledons,uncertain,,AcceptedTaxa_NotTreatedInFlora
Najas guadalupensis var. guadalupensis,Hydrocharitaceae,Monocotyledons,uncertain,,AcceptedTaxa_NotTreatedInFlora
Pinus muricata,Pinaceae,Gymnosperms,uncertain,,AcceptedTaxa_NotTreatedInFlora
Triteleia peduncularis,Asparagaceae,Monocotyledons,uncertain,,AcceptedTaxa_NotTreatedInFlora
