scientific_name,common_name,region,source,flower_color,height,bloom,sun,soil,pollinators
Acer circinatum,Vine maple Apr–MAy p b c ɝ ɞ D–M F,Maritime Northwest,Xerces Society,,,,,,
Acer macrophyllum,Bigleaf maple Apr–MAy p c ɝ ɞ D–M F O,Maritime Northwest,Xerces Society,,,,,,
Achillea millefolium,Common yarrow May–Jul P a ɝ ɞ D–M F Ö Ì Ø P Ë,Maritime Northwest,Xerces Society,,,,,,
Amelanchier alnifolia,Saskatoon serviceberry Jun–Jul p b ɝ ɞ D–M F Ì P Ë,Maritime Northwest,Xerces Society,,,,,,
Asclepias,speciosaƫ Showy milkweed May–SeP P a ɝ D–M F Ì Ø P Ë,Maritime Northwest,Xerces Society,,,,,,
Berberis aquifolium,Oregon grape MAr–MAy p b ɞ ɟ D Ë,Maritime Northwest,Xerces Society,,,,,,
Brodiaea coronaria,Crown brodiaea Jul–Sep p a ɝ D–M,Maritime Northwest,Xerces Society,,,,,,
Camassia leichtlinii,Large camas MAr–MAy p a ɝ ɞ M Ö,Maritime Northwest,Xerces Society,,,,,,
Camassia,quamashƫ Small camas aPr–Jun P a ɝ M–W Ø Ë,Maritime Northwest,Xerces Society,,,,,,
Ceanothus integerrimus,Deerbrush MAy–Jul p b ɝ ɞ D F Ö Ì Ø,Maritime Northwest,Xerces Society,,,,,,
Chamerion,a. ssp. angustifoliumƫ Fireweed Jul–SeP P a ɝ D–M F Ì Ø Ë,Maritime Northwest,Xerces Society,,,,,,
Clarkia amoena,Farewell-to-spring Jun–Jul A a ɝ D–M Ö Ø O,Maritime Northwest,Xerces Society,,,,,,
Native,Plants for Pollinators & Beneficial Insects:,Maritime Northwest,Xerces Society,,,,,,
Maritime,Northwest,Maritime Northwest,Xerces Society,,,,,,
Bombus,melanopygus) visiting Ribes sanguineum blossoms. RIGHT—Red a,Maritime Northwest,Xerces Society,,,,,,
Annual,SoiL: Dry ƫ Staff form: a Forb ɠ Sedge ɡ VineSun: ɝ Full sun,Maritime Northwest,Xerces Society,,,,,,
Biennial,Moist favorite T Cactus b Shrub ɞ Partial sun detAiLS: Ö Sup,Maritime Northwest,Xerces Society,,,,,,
Perennial,Wet Z Grass c Tree ɟ Full shade Ì Attracts beneficial insect,Maritime Northwest,Xerces Society,,,,,,
Native,Plants for Pollinators & Beneficial Insects: Maritime Northw,Maritime Northwest,Xerces Society,,,,,,
Collomia grandiflora,Grand collomia Jun–Jul A a ɝ D–M Ø,Maritime Northwest,Xerces Society,,,,,,
Dichelostemma congestum,Ookow Jun–Jul p a ɝ ɞ D–M,Maritime Northwest,Xerces Society,,,,,,
Erigeron speciosus,Aspen fleabane Jul–Sep p a ɝ D–M F Ö Ì Ø Ë,Maritime Northwest,Xerces Society,,,,,,
Eriophyllum lanatum,Common woolly sunflower MAy–Aug A / p a ɝ D F Ö Ì Ø Ë,Maritime Northwest,Xerces Society,,,,,,
Gaultheria shallon,Salal Apr–Jul p b ɝ ɞ ɟ D–M F Ø,Maritime Northwest,Xerces Society,,,,,,
Gilia capitata,Bluehead gilia Apr–Jun A / p a ɝ D Ì Ø,Maritime Northwest,Xerces Society,,,,,,
Grindelia,integrifoliaƫ Puget Sound gumweed Jul–SeP P b a ɝ M Ö Ë,Maritime Northwest,Xerces Society,,,,,,
Heracleum sphondylium,ssp. montanumƫ Common cowparsnip Jun–Jul P a ɝ ɞ M–W F Ì Ø Ë,Maritime Northwest,Xerces Society,,,,,,
Holodiscus,discolorƫ Oceanspray Jul–SeP P b ɝ ɞ D–M F Ì Ø,Maritime Northwest,Xerces Society,,,,,,
Lilium columbianum,Columbia lily Jun–Aug p a ɞ M F,Maritime Northwest,Xerces Society,,,,,,
Limnanthes,douglasiiƫ Douglas' meadowfoam Mar–aPr a a ɝ ɞ M–W Ö Ì,Maritime Northwest,Xerces Society,,,,,,
Lomatium nudicaule,Barestem biscuitroot Jun–Jul p a ɝ D F Ö Ë,Maritime Northwest,Xerces Society,,,,,,
Lomatium utriculatum,Spring gold MAr–MAy p a ɝ D F Ì,Maritime Northwest,Xerces Society,,,,,,
Lupinus,polyphyllusƫ Bigleaf lupine May–Jul P a ɝ ɞ M F Ì Ø Ë,Maritime Northwest,Xerces Society,,,,,,
Lupinus rivularis,Riverbank lupine Jun–Jul p a ɝ D–M F Ø Ë,Maritime Northwest,Xerces Society,,,,,,
Madia elegans,Common madia Jun–Jul A a ɝ D F Ö Ø Ë,Maritime Northwest,Xerces Society,,,,,,
Malus fusca,Oregon crab apple MAy–Jun p b c ɝ M–W F Ì Ø,Maritime Northwest,Xerces Society,,,,,,
Olsynium douglasii,Grass widow MAr–Apr p a ɝ ɞ M,Maritime Northwest,Xerces Society,,,,,,
Phacelia nemoralis,/ heterophyllaƫ Shade / varileaf phacelia May–Jun P a ɝ ɞ D ,Maritime Northwest,Xerces Society,,,,,,
Philadelphus lewisii,Lewis' mock orange MAy–Jun p b ɝ ɞ D–M F Ì,Maritime Northwest,Xerces Society,,,,,,
Physocarpus,capitatusƫ Pacific ninebark May–Jun P b ɝ ɞ M–W F Ì,Maritime Northwest,Xerces Society,,,,,,
Plectritis congesta,Shortspur seablush MAr–Jul A a ɝ M–W Ë,Maritime Northwest,Xerces Society,,,,,,
Prunella vulgaris,ssp. lanceolata Lanceleaf self-heal Jun–Aug p a ɝ ɞ M Ø Ë,Maritime Northwest,Xerces Society,,,,,,
Ribes sanguineum,Redflower currant MAr–Apr p b ɝ ɞ ɟ D F Ø,Maritime Northwest,Xerces Society,,,,,,
Rubus spectabilis,Salmonberry MAr–Jun p b ɝ ɞ ɟ M–W F Ø P O,Maritime Northwest,Xerces Society,,,,,,
Salix scouleriana,Scouler's willow MAr–Apr p b c ɝ D–M F Ö,Maritime Northwest,Xerces Society,,,,,,
Sambucus racemosa,var. arborescens Red elderberry Jul–Aug p c b ɝ ɞ M–W F Ì P ,Maritime Northwest,Xerces Society,,,,,,
Sidalcea campestris,Meadow checkerbloom Jun–Jul p a ɝ D–M Ö O,Maritime Northwest,Xerces Society,,,,,,
Sidalcea malviflora,Dwarf checkerbloom Apr–Jul p a ɝ D–M F Ö Ì Ø,Maritime Northwest,Xerces Society,,,,,,
Sisyrinchium idahoense,Idaho blue-eyed grass Apr–MAy p a ɝ ɞ ɟ M–W Ë,Maritime Northwest,Xerces Society,,,,,,
Solidago,canadensisƫ Canada goldenrod Jul–SeP P a ɝ ɞ D–M F Ö Ì Ø P,Maritime Northwest,Xerces Society,,,,,,
Spiraea,douglasiiƫ Douglas' spirea Jun–aug P b ɝ ɞ M–W F Ì Ø O,Maritime Northwest,Xerces Society,,,,,,
Symphoricarpos occidentalis,Western snowberry Jun–Aug p b ɞ D–M F Ø P O Ë,Maritime Northwest,Xerces Society,,,,,,
Symphyotrichum,subspicatumƫ Douglas' aster Jul–SeP P a ɝ M–W Ö Ì P,Maritime Northwest,Xerces Society,,,,,,
Trifolium willdenovii,Tomcat clover Jun–Jul A a ɝ M F Ø,Maritime Northwest,Xerces Society,,,,,,
Vaccinium ovatum,Evergreen huckleberry MAr–MAy p b ɝ ɞ M F Ø,Maritime Northwest,Xerces Society,,,,,,
Wyethia angustifolia,California compassplant Jun–Jul p a ɝ W F Ø,Maritime Northwest,Xerces Society,,,,,,
Acknowledgments,This list was developed with funding from the Church and Dwi,Maritime Northwest,Xerces Society,,,,,,
We make,the commitment to you that we will work every day to protect,Maritime Northwest,Xerces Society,,,,,,
Annual,SoiL: Dry ƫ Staff form: a Forb ɠ Sedge ɡ VineSun: ɝ Full sun,Maritime Northwest,Xerces Society,,,,,,
Biennial,Moist favorite T Cactus b Shrub ɞ Partial sun detAiLS: Ö Sup,Maritime Northwest,Xerces Society,,,,,,
Perennial,Wet Z Grass c Tree ɟ Full shade Ì Attracts beneficial insect,Maritime Northwest,Xerces Society,,,,,,
Acer macrophyllum,Big Leaf Maple,CA Coastal Chaparral,Pollinator Partnership,,,,,reddish green,reddish green
Adenostemma fasciculatum,chamise,CA Coastal Chaparral,Pollinator Partnership,,,,,,white
Aesculus californica,California Buckeye,CA Coastal Chaparral,Pollinator Partnership,,,,,pinkish white,pinkish white
Amorpha californica,California False Indigo,CA Coastal Chaparral,Pollinator Partnership,,,,,,purple
Arctostaphylos edmundsii,Dwarf Coastal manzanita,CA Coastal Chaparral,Pollinator Partnership,,,,,white,white
Arctostaphylos tomentosa,Woollyleaf Manzanita,CA Coastal Chaparral,Pollinator Partnership,,,white,white,,
Arctostaphylos uva-ursi,Kinnikinnick,CA Coastal Chaparral,Pollinator Partnership,,,,white,white,white
Ceanothus crassifolius,Hoaryleaf Ceanothus,CA Coastal Chaparral,Pollinator Partnership,,,,,white,white
Ceanothus oliganthus,Hairy ceanothus,CA Coastal Chaparral,Pollinator Partnership,,,pale blue,pale blue,pale blue,
Ceanothus thyrsifolius,White Mt. Lilac,CA Coastal Chaparral,Pollinator Partnership,,,white,white,white,white
Cornus glabrata,Brown dogwood,CA Coastal Chaparral,Pollinator Partnership,,,,,white,white
Diplacus aurantiacus,Orange Sticky Monkey Flower,CA Coastal Chaparral,Pollinator Partnership,,,,,,
Eriogonum fasciculatum,California buckwheat,CA Coastal Chaparral,Pollinator Partnership,,,,pink,pink,pink
Heteromeles arbutifolia,Toyon,CA Coastal Chaparral,Pollinator Partnership,,,,,,
Mahonia nervosa,Cascade Barberry,CA Coastal Chaparral,Pollinator Partnership,,,,,yellow,yellow
Mahonia pinnata,Wavyleaf Barberry,CA Coastal Chaparral,Pollinator Partnership,,,yellow,yellow,yellow,yellow
Malacothamnus fasciculatus,Mendocino Bushmallow,CA Coastal Chaparral,Pollinator Partnership,,,,,,pink
Prunus ilicifolia,Hollyleaf Cherry,CA Coastal Chaparral,Pollinator Partnership,,,,white,,
Rhododendron occidentale,Western Azalea,CA Coastal Chaparral,Pollinator Partnership,,,,,,white
Rhus integrifolia,Lemonade sumac,CA Coastal Chaparral,Pollinator Partnership,,,,,,
Ribes menziesii,Canyon Gooseberry,CA Coastal Chaparral,Pollinator Partnership,,,,,maroon white,maroon white
Salix exigua,Narrowleaf Willow,CA Coastal Chaparral,Pollinator Partnership,,,,,cream white,cream white
Salix laevigata,Red Willow,CA Coastal Chaparral,Pollinator Partnership,,,,,cream white,cream white
Salvia leucophylla,San Luis Purple Sage,CA Coastal Chaparral,Pollinator Partnership,,,,,,lavender
Salvia mellifera,Black Sage,CA Coastal Chaparral,Pollinator Partnership,,,,,,white to pale blue
Trichostema lanatum,Woolly Bluecurls,CA Coastal Chaparral,Pollinator Partnership,,,,,,violet
Abronia umbellata,Pink Sand Verbena,CA Coastal Chaparral,Pollinator Partnership,,,,,,rose pink
Achillea millefolium var. californica,Yarrow,CA Coastal Chaparral,Pollinator Partnership,,,,white,white,white
Aquilegia formosa,Western columbine,CA Coastal Chaparral,Pollinator Partnership,,,red,red,red,red
Asclepias californica,California Milkweed,CA Coastal Chaparral,Pollinator Partnership,,,,,,
Asclepias eriocarpa,Wollypod Milkweed,CA Coastal Chaparral,Pollinator Partnership,,,,,,creamy white
Asclepias fascicularis,Narrowleaf Milkweed,CA Coastal Chaparral,Pollinator Partnership,,,,,,creamy white
Astragalus trichopodus,Santa Barbara Milkvetch,CA Coastal Chaparral,Pollinator Partnership,,white,white,white,white,white
Delphinium cardinale,Scarlet Larkspur,CA Coastal Chaparral,Pollinator Partnership,,,dark red,dark red,dark red,
Delphinium nudicaule,Red Larkspur,CA Coastal Chaparral,Pollinator Partnership,,,bright red,bright red,,
Dicentra formosa,Pacifi c Bleeding Heart,CA Coastal Chaparral,Pollinator Partnership,,,pink,pink,,
Dodecatheon clevelandii,Padre’s Shooting Star,CA Coastal Chaparral,Pollinator Partnership,,pale purple,pale purple,,,
Eschscholzia californica,California Poppy,CA Coastal Chaparral,Pollinator Partnership,orange- yellow,orange- yellow,orange- yellow,orange- yellow,orange- yellow,orange- yellow
Fragaria chiloensis,Beach strawberry,CA Coastal Chaparral,Pollinator Partnership,,,white,white,white,
Helianthus gracilentus,Slender Sunfl ower,CA Coastal Chaparral,Pollinator Partnership,,,,,,
Heuchera pilosissima,Seaside alumroot,CA Coastal Chaparral,Pollinator Partnership,,,pinkish white,pinkish white,,
Lithophragma heterophyllum,Mission Woodland- star,CA Coastal Chaparral,Pollinator Partnership,,,white,white,white,
Lupinus albifrons,Silver Lupine,CA Coastal Chaparral,Pollinator Partnership,,,blue,blue,blue,
Mimulus cardinalis,Scarlet Monkeyfl ower,CA Coastal Chaparral,Pollinator Partnership,,,,red,red,
Monardella macrantha,Red Monardella,CA Coastal Chaparral,Pollinator Partnership,,,,,,red
Oenothera californica,California Evening Primrose,CA Coastal Chaparral,Pollinator Partnership,,,white,white,,
Paeonia californica,California peony,CA Coastal Chaparral,Pollinator Partnership,maroon,maroon,maroon,maroon,,
Penstemon centranthifolius,Scarlet Bugler,CA Coastal Chaparral,Pollinator Partnership,,,,red,red,
Penstemon laetus,Mountain Blue Penstemon,CA Coastal Chaparral,Pollinator Partnership,,,,blue,blue,
Phacelia imbricata,Imbricate Phacelia,CA Coastal Chaparral,Pollinator Partnership,,,,white,white,
Potentilla glandulosa,Sticky cinquefoil,CA Coastal Chaparral,Pollinator Partnership,,,,creamy yellow,creamy yellow,creamy yellow
Ranunculus californicus,California buttercup,CA Coastal Chaparral,Pollinator Partnership,,yellow,yellow,yellow,yellow,
Saxifraga californica,California saxifrage,CA Coastal Chaparral,Pollinator Partnership,,,white,white,white,
Sedum spathulifolium,Broadlead Stonecrop,CA Coastal Chaparral,Pollinator Partnership,,,,,yellow,yellow
Sidalcea malvifl ora,Dwarf Cherkerbloom,CA Coastal Chaparral,Pollinator Partnership,,,pink,pink,pink,
Silene laciniata,Cardinal Catchfl y,CA Coastal Chaparral,Pollinator Partnership,,,,red,red,red
Solidago californica,California Goldenrod,CA Coastal Chaparral,Pollinator Partnership,,,,,,
Stachys pycnantha,Shortspike Hedgenettle,CA Coastal Chaparral,Pollinator Partnership,,,,white purple,"white, purple","white, purple"
Tellima grandifl ora,Fringe cup,CA Coastal Chaparral,Pollinator Partnership,,,pink,pink,pink,
Trientalis borealis,Starfl ower,CA Coastal Chaparral,Pollinator Partnership,,,white,white,white,
Verbena lasiostachys,Western Vervain,CA Coastal Chaparral,Pollinator Partnership,,,,,,blue
Annual Flowers,,CA Coastal Chaparral,Pollinator Partnership,,,,,,
Gilia capitata,Bluehead Gilia,CA Coastal Chaparral,Pollinator Partnership,,,,blue,blue,
Helenium puberulum,Rosilla,CA Coastal Chaparral,Pollinator Partnership,,,,,yellow,yellow
Heterotheca grandifl ora,Telegraph Weed,CA Coastal Chaparral,Pollinator Partnership,,,,yellow,yellow,yellow
Phacelia tanacetifolia,Tansy Phacelia,CA Coastal Chaparral,Pollinator Partnership,,,light blue,light blue,light blue,
Acer macrophyllum,Big Leaf Maple,CA Coastal Chaparral,Pollinator Partnership,,reddish green,50’,April-May,sun to partial sun,moist to dry
Adenostemma fasciculatum,chamise,CA Coastal Chaparral,Pollinator Partnership,,white,4-12’,May-July,sun,dry
Aesculus californica,California Buckeye,CA Coastal Chaparral,Pollinator Partnership,,pinkish white,15’,April-May,sun to partial shade,moist
Amorpha californica,California False Indigo,CA Coastal Chaparral,Pollinator Partnership,,purple,6-8’,May-June,partial sun to shade,moist
Arctostaphylos edmundsii,Dwarf Coastal manzanita,CA Coastal Chaparral,Pollinator Partnership,,white,1-1.5’,April-May,sun to partial sun,moist to dry
Arctostaphylos tomentosa,Woollyleaf Manzanita,CA Coastal Chaparral,Pollinator Partnership,,white,3-8’,Feb-March,sun to partial sun,moist to dry
Arctostaphylos uva-ursi,Kinnikinnick,CA Coastal Chaparral,Pollinator Partnership,,white,3-4”,March-June,sun to partial sun,moist to dry
Ceanothus crassifolius,Hoaryleaf Ceanothus,CA Coastal Chaparral,Pollinator Partnership,,white,12’,April-May,sun to partial sun,moist to dry
Ceanothus oliganthus,Hairy ceanothus,CA Coastal Chaparral,Pollinator Partnership,,pale blue,3-9’,Feb-April,sun to partial sun,moist to dry
Ceanothus thyrsifl orus,White Mt. Lilac,CA Coastal Chaparral,Pollinator Partnership,,white,2-16’,Feb-June,sun to partial sun,moist to dry
Cornus glabrata,Brown dogwood,CA Coastal Chaparral,Pollinator Partnership,,white,4-10’,April-May,sun to shade,moist to dry
Diplacus aurantiacus,Orange Sticky Monkey Flower,CA Coastal Chaparral,Pollinator Partnership,,orange yellow,3-4’,July-September,sun to shade,moist to dry
Eriogonum fasciculatum,California buckwheat,CA Coastal Chaparral,Pollinator Partnership,,pink,1-3’,March-July,sun,dry
Heteromeles arbutifolia,Toyon,CA Coastal Chaparral,Pollinator Partnership,,white,5-16’,June-Aug,sun,dry
Mahonia nervosa,Cascade Barberry,CA Coastal Chaparral,Pollinator Partnership,,yellow,2’,April-May,partial shade to shade,wet to moist
Mahonia pinnata,Wavyleaf Barberry,CA Coastal Chaparral,Pollinator Partnership,,yellow,2’,Feb-May,partial shade to shade,wet to moist
Malacothamnus fasciculatus,Mendocino Bushmallow,CA Coastal Chaparral,Pollinator Partnership,,pink,4-12’,May-August,sun,moist to dry
Prunus ilicifolia,Hollyleaf Cherry,CA Coastal Chaparral,Pollinator Partnership,,white,25’,March,sun to partial sun,moist
Rhododendron occidentale,Western Azalea,CA Coastal Chaparral,Pollinator Partnership,,white,6-8’,May,partial sun to partial shade,wet
Rhus integrifolia,Lemonade sumac,CA Coastal Chaparral,Pollinator Partnership,,pale pink,3-8’,June,partial sun to sun,moist to dry
Ribes menziesii,Canyon Gooseberry,CA Coastal Chaparral,Pollinator Partnership,,maroon - white,6’,April-May,partial sun to shade,moist
Salix exigua,Narrowleaf Willow,CA Coastal Chaparral,Pollinator Partnership,,cream white,4-15’,April-May,partial shade,wet to moist
Salix laevigata,Red Willow,CA Coastal Chaparral,Pollinator Partnership,,cream white,10-25’,April-May,sun to partial sun,wet to moist
Salvia leucophylla,San Luis Purple Sage,CA Coastal Chaparral,Pollinator Partnership,,lavender,3-6’,May-June,sun,dry
Salvia mellifera,Black Sage,CA Coastal Chaparral,Pollinator Partnership,,white to pale blue,3’,May-June,sun,dry
Trichostema lanatum,Woolly Bluecurls,CA Coastal Chaparral,Pollinator Partnership,,violet,3-4’,May-August,sun,dry
Abronia umbellata,Pink Sand Verbena,CA Coastal Chaparral,Pollinator Partnership,,rose pink,2-4”,May-August,sun,dry
Achillea millefolium var. californica,Yarrow,CA Coastal Chaparral,Pollinator Partnership,,white,1-4’,March-August,sun,moist to dry
Achillea millefolium,Pink Yarrow,CA Coastal Chaparral,Pollinator Partnership,,pink,1-4’,May-August,sun,moist to dry
Aquilegia formosa,Western columbine,CA Coastal Chaparral,Pollinator Partnership,,red,12-36”,Feb-May,sun,moist
Asclepias californica,California Milkweed,CA Coastal Chaparral,Pollinator Partnership,,violet,12-54”,June,sun,moist to dry
Asclepias eriocarpa,Wollypod Milkweed,CA Coastal Chaparral,Pollinator Partnership,creamy white and pale pinkish white,to 60”,June-August,sun,dry,
Asclepias fascicularis,Narrowleaf Milkweed,CA Coastal Chaparral,Pollinator Partnership,creamy white,to 60”,June-August,sun,dry,
Astragalus trichopodus,Santa Barbara Milkvetch,CA Coastal Chaparral,Pollinator Partnership,white,8-24’,Feb-June,sun,moist to dry,
Delphinium cardinale,Scarlet Larkspur,CA Coastal Chaparral,Pollinator Partnership,dark red,2-4’,March-May,partial sun to partial shade,moist,
Delphinium nudicaule,Red Larkspur,CA Coastal Chaparral,Pollinator Partnership,bright red,2-3’’,March-April,partial sun to partial shade,moist,
Dicentra formosa,Pacifi c Bleeding Heart,CA Coastal Chaparral,Pollinator Partnership,pink,12-18’,March-April,partial shade to shade,moist,
Dodecatheon clevelandii,Padre’s Shooting Star,CA Coastal Chaparral,Pollinator Partnership,pale purple,12”,Feb-March,sun,moist,
Eschscholzia californica,California Poppy,CA Coastal Chaparral,Pollinator Partnership,orange-yellow,12-18”,Jan-August,sun,moist to dry,
Fragaria chiloensis,Beach strawberry,CA Coastal Chaparral,Pollinator Partnership,white,6-8”,March-May,sun,moist,
Helianthus gracilentus,Slender Sunfl ower,CA Coastal Chaparral,Pollinator Partnership,yellow with brown center,12”,August-September,sun,moist to dry,
Heuchera pilosissima,Seaside alumroot,CA Coastal Chaparral,Pollinator Partnership,pinkish white,12-18”,March-April,sun to partial sun,moist to dry,
Lithophragma heterophyllum,Mission Woodland-star,CA Coastal Chaparral,Pollinator Partnership,white,12”,March-May,shade,moist,
Lupinus albifrons,Silver Lupine,CA Coastal Chaparral,Pollinator Partnership,blue,3-5’,March-May,sun,moist to dry,
Mimulus cardinalis,Scarlet Monkeyfl ower,CA Coastal Chaparral,Pollinator Partnership,red,3’,April-May,shade,wet to moist,
Monardella macrantha,Red Monardella,CA Coastal Chaparral,Pollinator Partnership,red,1’,June-August,partial sun to partial shade,moist to dry,
Oenothera californica,California Evening Primrose,CA Coastal Chaparral,Pollinator Partnership,white,1’,March-April,sun to partial shade,moist to dry,
Paeonia californica,California peony,CA Coastal Chaparral,Pollinator Partnership,maroon,14-30”,Jan-April,sun to partial shade,moist to dry,
Penstemon centranthifolius,Scarlet Bugler,CA Coastal Chaparral,Pollinator Partnership,red,2-4’,April=May,sun,dry,
Penstemon laetus,Mountain Blue Penstemon,CA Coastal Chaparral,Pollinator Partnership,blue,2-3’,April-May,sun,moist to dry,
Phacelia imbricata,Imbricate Phacelia,CA Coastal Chaparral,Pollinator Partnership,white,8-16”,April-May,partial sun,moist to dry,
Potentilla glandulosa,Sticky cinquefoil,CA Coastal Chaparral,Pollinator Partnership,creamy yellow,1-2’,April-August,partial sun to partial shade,wet to moist,
Ranunculus californicus,California buttercup,CA Coastal Chaparral,Pollinator Partnership,yellow,12-18”,Feb-May,sun to partial sun,moist to dry,
Saxifraga californica,California saxifrage,CA Coastal Chaparral,Pollinator Partnership,white,12”,March-May,shade,moist,
Sedum spathulifolium,Broadlead Stonecrop,CA Coastal Chaparral,Pollinator Partnership,yellow,2”,May-August,sun to partial shade,moist to dry,
Sidalcea malvifl ora,Dwarf Cherkerbloom,CA Coastal Chaparral,Pollinator Partnership,pink,2-3’,March-May,sun,moist,
Silene laciniata,Cardinal Catchfl y,CA Coastal Chaparral,Pollinator Partnership,red,2’,April-June,sun to partial sun,moist to dry,
Solidago californica,California Goldenrod,CA Coastal Chaparral,Pollinator Partnership,yellow,2-3’,August-September,partial sun to shade,moist to dry,
Stachys pycnantha,Shortspike Hedgenettle,CA Coastal Chaparral,Pollinator Partnership,white purple,10-12”,April-July,partial sun to partial shade,wet to moist,
Tellima grandifl ora,Fringe cup,CA Coastal Chaparral,Pollinator Partnership,pink,2’,March-May,shade,moist,
Trientalis borealis,Starfl ower,CA Coastal Chaparral,Pollinator Partnership,white,2-6”,March-May,shade,moist,
Verbena lasiostachys,Western Vervain,CA Coastal Chaparral,Pollinator Partnership,blue,2-3’,June-July,sun,moist,
Annual Flowers,,CA Coastal Chaparral,Pollinator Partnership,,,,,,
Gilia capitata,Bluehead Gilia,CA Coastal Chaparral,Pollinator Partnership,blue,8-15”,April-May,sun,dry,
Helenium puberulum,Rosilla,CA Coastal Chaparral,Pollinator Partnership,yellow,1-5’,May-August,sun,wet to moist,
Heterotheca grandifl ora,Telegraph Weed,CA Coastal Chaparral,Pollinator Partnership,yellow,1-8’,April-Nov,sun,moist to dry,
Phacelia tanacetifolia,Tansy Phacelia,CA Coastal Chaparral,Pollinator Partnership,light purple,12-36”,March-May,sun,dry,
Acer macrophyllum,bigleaf maple,CA Coastal Steppe/Redwood,Pollinator Partnership,,,greenish yellow,greenish yellow,greenish yellow,greenish yellow
Arbutus menziesii,pacifi c madrone,CA Coastal Steppe/Redwood,Pollinator Partnership,,,,white,white,
Arctostaphylos columbiana,hairy manzanita,CA Coastal Steppe/Redwood,Pollinator Partnership,,,pink,pink,pink,
Amelanchier alnifolia,serviceberry,CA Coastal Steppe/Redwood,Pollinator Partnership,,,,white,white,white
Baccharis pilularis,coyote brush,CA Coastal Steppe/Redwood,Pollinator Partnership,,,,,,
Ceanothus thyrsifl orus,blue blossom,CA Coastal Steppe/Redwood,Pollinator Partnership,,,,blue,blue,blue
Eriodictyon californicum,yerba santa,CA Coastal Steppe/Redwood,Pollinator Partnership,,,,,pale pink,pale pink
Gaultheria shallon,salal,CA Coastal Steppe/Redwood,Pollinator Partnership,,,pink,pink,pink,pink
Heteromeles arbutifolia,toyon,CA Coastal Steppe/Redwood,Pollinator Partnership,,,,,white,white
Lonicera involucrata,twinberry,CA Coastal Steppe/Redwood,Pollinator Partnership,,,yellow,yellow,yellow,yellow
Menziesia ferruginea,mock-azalea,CA Coastal Steppe/Redwood,Pollinator Partnership,,,,,yellowish green,yellowish green
Rhododendron macrophyllum,Pacifi c rhododendron,CA Coastal Steppe/Redwood,Pollinator Partnership,,,,pink,pink,pink
Rhododendron occidentale,western azalea,CA Coastal Steppe/Redwood,Pollinator Partnership,,,,,white/pink,white/pink
Rhamnus purshiana,cascara,CA Coastal Steppe/Redwood,Pollinator Partnership,,,,,greenish yellow,greenish yellow
Ribes menziesii,canyon gooseberry,CA Coastal Steppe/Redwood,Pollinator Partnership,mar,oon,maroon,maroon,,
Ribes sanguineum,red-fl owering currant,CA Coastal Steppe/Redwood,Pollinator Partnership,pi,nk,pink,,,
Ribes bracteosum,stink currant,CA Coastal Steppe/Redwood,Pollinator Partnership,,,,,green,
Rosa gymnocarpa,wood rose,CA Coastal Steppe/Redwood,Pollinator Partnership,,,,pink,pink,pink
Rubus parvifl orus,thimbleberry,CA Coastal Steppe/Redwood,Pollinator Partnership,,,pink,pink,pink,pink
Rubus spectabilis,salmonberry,CA Coastal Steppe/Redwood,Pollinator Partnership,,,pinkish red,pinkish red,pinkish red,pinkish red
Rubus ursinus,California blackberry,CA Coastal Steppe/Redwood,Pollinator Partnership,,,,white,white,white
Salix scouleriana,Scouler’s willow,CA Coastal Steppe/Redwood,Pollinator Partnership,,,,yellow,yellow,yellow
Sambucus nigra ssp. canadensis,blue elderberry,CA Coastal Steppe/Redwood,Pollinator Partnership,,,,,white,white
Sambucus racemosa,red elderberry,CA Coastal Steppe/Redwood,Pollinator Partnership,,,,,white,white
Vaccinium ovatum,black huckleberry,CA Coastal Steppe/Redwood,Pollinator Partnership,,,pink,pink,pink,
Achillea millefolium,common yarrow,CA Coastal Steppe/Redwood,Pollinator Partnership,,,,,white,white
Anaphalis margaritacea,pearly everlasting,CA Coastal Steppe/Redwood,Pollinator Partnership,,,,,"white, yellow","white, yellow"
Aquilegia formosa,columbine,CA Coastal Steppe/Redwood,Pollinator Partnership,,,,red,red,red
Calypso bulbosa,calypso orchid,CA Coastal Steppe/Redwood,Pollinator Partnership,,pink,pink,pink,pink,pink
Clintonia andrewsiana,clintonia,CA Coastal Steppe/Redwood,Pollinator Partnership,,,,pink,pink,pink
Dichelostemma ida-maia,fi recracker fl ower,CA Coastal Steppe/Redwood,Pollinator Partnership,,,,red,red,red
Diplacus aurantiacus,bush monkeyfl ower,CA Coastal Steppe/Redwood,Pollinator Partnership,,,,orange,orange,orange
Eriophyllum lanatum,wooly sunfl ower,CA Coastal Steppe/Redwood,Pollinator Partnership,,,,yellow,yellow,yellow
Fragaria chiloensis,beach strawberry,CA Coastal Steppe/Redwood,Pollinator Partnership,,white,white,white,white,white
Iris douglasiana,Douglas iris,CA Coastal Steppe/Redwood,Pollinator Partnership,,blue to purple,blue to purple,blue to purple,,
Lilium columbianum,Columbia lily,CA Coastal Steppe/Redwood,Pollinator Partnership,,,,,,yellow- orange
Lilium pardalinum,leopard lily,CA Coastal Steppe/Redwood,Pollinator Partnership,,,,orange to red,orange to red,orange to red
Mahonia nervosa,oregon grape,CA Coastal Steppe/Redwood,Pollinator Partnership,yellow,yellow,yellow,,,
Mimulus dentatus,coastal monkeyfl ower,CA Coastal Steppe/Redwood,Pollinator Partnership,,,,yellow,,
Monardella villosa,coyote mint,CA Coastal Steppe/Redwood,Pollinator Partnership,,,,purple,purple,purple
Pedicularis densifl ora,Indian warrior,CA Coastal Steppe/Redwood,Pollinator Partnership,,red,red,,,
Petasites palmatus,palmate-leaved coltsfoot,CA Coastal Steppe/Redwood,Pollinator Partnership,white,white,white,,,
Prunella vulgaris,self-heal,CA Coastal Steppe/Redwood,Pollinator Partnership,,,,,,purple
Scrophularia californica,California fi gwort,CA Coastal Steppe/Redwood,Pollinator Partnership,,red,red,red,red,red
Sidalcea malvifl ora ssp. patula,checkerbloom,CA Coastal Steppe/Redwood,Pollinator Partnership,,,pink to purple,pink to purple,pink to purple,pink to purple
Sisyrinchium bellum,blue eyed grass,CA Coastal Steppe/Redwood,Pollinator Partnership,blue,blue,blue,blue,blue,
Spirea douglasii,Douglas spirea,CA Coastal Steppe/Redwood,Pollinator Partnership,,,,,pink,pink
Stachys chamissonis,coast hedge nettle,CA Coastal Steppe/Redwood,Pollinator Partnership,,,,,purple to pink,purple to pink
Trillium ovatum,wakerobin,CA Coastal Steppe/Redwood,Pollinator Partnership,,,white,white,,
Viola adunca,western dog violet,CA Coastal Steppe/Redwood,Pollinator Partnership,,,violet,violet,,
Viola sempervirens,redwood violet,CA Coastal Steppe/Redwood,Pollinator Partnership,,yellow,yellow,yellow,,
Lathyrus vestitus var. ochropetalus,Pacifi c pea,CA Coastal Steppe/Redwood,Pollinator Partnership,,lavender to white,lavender to white,lavender to white,lavender to white,
Lonicera hispidula,California honeysuckle,CA Coastal Steppe/Redwood,Pollinator Partnership,,,,,pink,pink
Vicia americana,American vetch,CA Coastal Steppe/Redwood,Pollinator Partnership,,,,purple,purple,purple
Annual Flowers,,CA Coastal Steppe/Redwood,Pollinator Partnership,,,,,,
Nemophila menziesii,baby blue eyes,CA Coastal Steppe/Redwood,Pollinator Partnership,,sky blue,sky blue,sky blue,sky blue,sky blue
Trifolium fucatum,bull clover,CA Coastal Steppe/Redwood,Pollinator Partnership,,,yellowish,yellowish,yellowish,
Acer macrophyllum,bigleaf maple,CA Coastal Steppe/Redwood,Pollinator Partnership,gr,eenish yellow,50-70’,March-June,sun to partial shade,moist
Arbutus menziesii,pacifi c madrone,CA Coastal Steppe/Redwood,Pollinator Partnership,,white,16-130’,April-May,sun to partial shade,dry
Arctostaphylos columbiana,hairy manzanita,CA Coastal Steppe/Redwood,Pollinator Partnership,w,hite to pink,2.5-16.5’,March-May,sun to partial sun,"well-drained, acidic"
Amelanchier alnifolia,serviceberry,CA Coastal Steppe/Redwood,Pollinator Partnership,,white,3-26’,April-June,sun to partial shade,dry
Baccharis pilularis,coyote brush,CA Coastal Steppe/Redwood,Pollinator Partnership,,white,3-12’,July-October,sun,dry
Ceanothus thyrsifl orus,blue blossom,CA Coastal Steppe/Redwood,Pollinator Partnership,,blue,12-20’,April-June,partial shade,"dry, well drained"
Eriodictyon californicum,yerba santa,CA Coastal Steppe/Redwood,Pollinator Partnership,w,hite to pink,2-8’,May-June,sun,dry
Gaultheria shallon,salal,CA Coastal Steppe/Redwood,Pollinator Partnership,w,hite to pink,1.5-10’,March-July,shade to sun,"moist, well drained"
Heteromeles arbutifolia,toyon,CA Coastal Steppe/Redwood,Pollinator Partnership,,white,6-10’,May-June,sun to partial sun,"moist, well drained"
Lonicera involucrata,twinberry,CA Coastal Steppe/Redwood,Pollinator Partnership,yell,ow or reddish- tinged,3-8’,March- August,shade to sun,"moist, well drained"
Menziesia ferruginea,mock-azalea,CA Coastal Steppe/Redwood,Pollinator Partnership,ye,llowish green,3.5-6.5’,May-July,shade to sun,"moist, well drained, acidic"
Rhododendron macrophyllum,Pacifi c rhododendron,CA Coastal Steppe/Redwood,Pollinator Partnership,,pink to rose,6-12’,April-July,sun to partial shade,"moist, well drained"
Rhododendron occidentale,western azalea,CA Coastal Steppe/Redwood,Pollinator Partnership,w,hite with pink,8-10’,May-June,sun to partial shade,"moist, well drained"
Rhamnus purshiana,cascara,CA Coastal Steppe/Redwood,Pollinator Partnership,gr,eenish yellow,20-33’,May-June,shade to sun,moist
Ribes menziesii,canyon gooseberry,CA Coastal Steppe/Redwood,Pollinator Partnership,,maroon,3-9’,Feb-April,sun,moist
Ribes sanguineum,red-fl owering currant,CA Coastal Steppe/Redwood,Pollinator Partnership,w,"hite, pink, or crimson",3-12’,Jan-March,shade to sun,"moist, well drained"
Ribes bracteosum,stink currant,CA Coastal Steppe/Redwood,Pollinator Partnership,,green,3-12’,May,sun,"moist, well drained"
Rosa gymnocarpa,wood rose,CA Coastal Steppe/Redwood,Pollinator Partnership,,pink,1-3’,April-June,shade to sun,"dry to moist, well drained"
Rubus parvifl orus,thimbleberry,CA Coastal Steppe/Redwood,Pollinator Partnership,w,hite or pink,1.5-8’,March- August,sun to partial shade,dry to moist
Rubus spectabilis,salmonberry,CA Coastal Steppe/Redwood,Pollinator Partnership,,pinkish red,7-13’,March-June,shade to sun,"moist, acidic"
Rubus ursinus,California blackberry,CA Coastal Steppe/Redwood,Pollinator Partnership,,white,2-3’,April-June,shade to sun,moist
Salix scouleriana,Scouler’s willow,CA Coastal Steppe/Redwood,Pollinator Partnership,,yellow,6-35’,April-June,sun,moist
Sambucus nigra ssp. canadensis,blue elderberry,CA Coastal Steppe/Redwood,Pollinator Partnership,,white,15-25’,May-June,sun,"dry to moist, well drained"
Sambucus racemosa,red elderberry,CA Coastal Steppe/Redwood,Pollinator Partnership,,white,2-20’,May-June,sun to partial shade,moist
Vaccinium ovatum,black huckleberry,CA Coastal Steppe/Redwood,Pollinator Partnership,,pink,1.5-15’,March-May,shade to sun,"dry to moist, acidic"
Achillea millefolium,common yarrow,CA Coastal Steppe/Redwood,Pollinator Partnership,,white,11-40”,May-July,sun to partial shade,dry
Anaphalis margaritacea,pearly everlasting,CA Coastal Steppe/Redwood,Pollinator Partnership,,"white, yellow",1-3’,June-Oct,sun to partial shade,dry
Aquilegia formosa,columbine,CA Coastal Steppe/Redwood,Pollinator Partnership,red,1-3’,May-Aug,sun to shade,dry to moist,
Calypso bulbosa,calypso orchid,CA Coastal Steppe/Redwood,Pollinator Partnership,pink,<1’,March-July,shade,"moist, alkaline",
Clintonia andrewsiana,clintonia,CA Coastal Steppe/Redwood,Pollinator Partnership,pink,10”,May-July,shade,moist,
Dichelostemma ida-maia,fi recracker fl ower,CA Coastal Steppe/Redwood,Pollinator Partnership,red,12-18”,May-July,sun to partial sun,"dry to moist, well drained",
Diplacus aurantiacus,bush monkeyfl ower,CA Coastal Steppe/Redwood,Pollinator Partnership,orange,2-4’,May-July,sun to partial sun,dry to moist,
Eriophyllum lanatum,wooly sunfl ower,CA Coastal Steppe/Redwood,Pollinator Partnership,yellow,4-18”,May-Aug,sun to partial shade,well drained,
Fragaria chiloensis,beach strawberry,CA Coastal Steppe/Redwood,Pollinator Partnership,white,<1’,March-Aug,sun to partial shade,dry,
Iris douglasiana,Douglas iris,CA Coastal Steppe/Redwood,Pollinator Partnership,blue to purple,1-2’,March-May,sun to partial shade,"dry to moist, acidic",
Lilium columbianum,Columbia lily,CA Coastal Steppe/Redwood,Pollinator Partnership,yellow-orange,4.5’,July-Aug,sun to partial shade,"moist, well drained",
Lilium pardalinum,leopard lily,CA Coastal Steppe/Redwood,Pollinator Partnership,orange to red,3-6’,May-July,partial shade,"moist, well drained",
Mahonia nervosa,oregon grape,CA Coastal Steppe/Redwood,Pollinator Partnership,yellow,2-3’,Feb-April,sun to shade,dry to moist,
Mimulus dentatus,coastal monkeyfl ower,CA Coastal Steppe/Redwood,Pollinator Partnership,yellow,1.5’,May,shade to sun,"moist, well drained",
Monardella villosa,coyote mint,CA Coastal Steppe/Redwood,Pollinator Partnership,purple,<1’,May-Aug,sun to partial shade,"dry to moist, well drained",
Pedicularis densifl ora,Indian warrior,CA Coastal Steppe/Redwood,Pollinator Partnership,red,<1’,March-April,sun to partial shade,dry,
Petasites palmatus,palmate-leaved coltsfoot,CA Coastal Steppe/Redwood,Pollinator Partnership,white,1’,Feb-April,sun to shade,moist,
Prunella vulgaris,self-heal,CA Coastal Steppe/Redwood,Pollinator Partnership,purple,6”,July-Sept,sun to partial shade,moist,
Scrophularia californica,California fi gwort,CA Coastal Steppe/Redwood,Pollinator Partnership,red,3-6’,March-July,sun to shade,dry to moist,
Sidalcea malvifl ora ssp. patula,checkerbloom,CA Coastal Steppe/Redwood,Pollinator Partnership,pink to purple,6-24”,April-July,partial shade,moist,
Sisyrinchium bellum,blue eyed grass,CA Coastal Steppe/Redwood,Pollinator Partnership,blue,1’,Jan-June,sun to partial shade,dry to moist,
Spirea douglasii,Douglas spirea,CA Coastal Steppe/Redwood,Pollinator Partnership,pink,3-6’,June-Sept,sun,"moist, well drained",
Stachys chamissonis,coast hedge nettle,CA Coastal Steppe/Redwood,Pollinator Partnership,purple to pink,2-3’,June-Aug,sun to partial shade,moist,
Trillium ovatum,wakerobin,CA Coastal Steppe/Redwood,Pollinator Partnership,white,1’,April-May,sun to shade,"moist, well drained",
Viola adunca,western dog violet,CA Coastal Steppe/Redwood,Pollinator Partnership,violet,4”,April-May,partial shade,"moist, well drained",
Viola sempervirens,redwood violet,CA Coastal Steppe/Redwood,Pollinator Partnership,yellow,6-12”,March-May,partial shade,"moist, well drained, acidic",
Lathyrus vestitus var. ochropetalus,Pacifi c pea,CA Coastal Steppe/Redwood,Pollinator Partnership,lavender to white,1.5-6.5’,March-June,partial shade,semi-dry,
Lonicera hispidula,California honeysuckle,CA Coastal Steppe/Redwood,Pollinator Partnership,pink,6-20’,June-Aug,sun to partial shade,dry to moist,
Vicia americana,American vetch,CA Coastal Steppe/Redwood,Pollinator Partnership,purple,30”,May-Aug,sun to shade,dry to moist,
Annual Flowers,,CA Coastal Steppe/Redwood,Pollinator Partnership,,,,,,
Nemophila menziesii,baby blue eyes,CA Coastal Steppe/Redwood,Pollinator Partnership,sky blue,4-12”,March-July,sun,"moist, well drained",
Trifolium fucatum,bull clover,CA Coastal Steppe/Redwood,Pollinator Partnership,yellowish,1’,April-June,sun,"moist, well drained",
Arbutus menziesii,Pacifi c madrone,Sierran Steppe,Pollinator Partnership,,,,,,white
Arctostaphylos spp.,manzanita,Sierran Steppe,Pollinator Partnership,white to pink,white pink,to,white to pink,white to pink,white to pink
Calycanthus occidentalis,western spicebush,Sierran Steppe,Pollinator Partnership,,,,,,red- purple
Ceanothus spp.,wild-lilac,Sierran Steppe,Pollinator Partnership,,,,,"white, pink, blue, or purple","white, pink, blue, or purple"
Cercis occidentalis,western redbud,Sierran Steppe,Pollinator Partnership,,,,,bright pink,bright pink
Cornus nuttallii,Pacifi c dogwood,Sierran Steppe,Pollinator Partnership,,,,,,"white bracts, greenish center"
Eriodictyon californicum,yerba santa,Sierran Steppe,Pollinator Partnership,,,,,,
Fremontodendron californicum,fl annel bush,Sierran Steppe,Pollinator Partnership,,,,,,yellow
Heteromeles arbutifolia,toyon,Sierran Steppe,Pollinator Partnership,,,,,,
Mimulus aurantiacus,bush monkeyfl ower,Sierran Steppe,Pollinator Partnership,,,,,,
Philadelphus lewisii,mockorange,Sierran Steppe,Pollinator Partnership,,,,,,
Prunus virginiana,chokecherry,Sierran Steppe,Pollinator Partnership,,,,,,
Frangula californica ssp. californica,California coffeeberry,Sierran Steppe,Pollinator Partnership,,,,,,
Rhododendron occidentale,western azalea,Sierran Steppe,Pollinator Partnership,,,,,,
Ribes roezlii,Sierra gooseberry,Sierran Steppe,Pollinator Partnership,,,,,,
Rosa californica,wild rose,Sierran Steppe,Pollinator Partnership,,,,,,
Sambucus nigra ssp. canadensis,blue elderberry,Sierran Steppe,Pollinator Partnership,,,,,,
Spiraea densifl ora,mountain spiraea,Sierran Steppe,Pollinator Partnership,,,,,,
Styrax offi cinalis,western snowdrop bush,Sierran Steppe,Pollinator Partnership,,,,,,white
Achillea millefolium,yarrow,Sierran Steppe,Pollinator Partnership,,,,,white to pale pink,white to pale pink
Aconitum columbianum,western monkshood,Sierran Steppe,Pollinator Partnership,,,,,,
Aquilegia formosa,red columbine,Sierran Steppe,Pollinator Partnership,,,,,,red
Asclepias speciosa,showy milkweed,Sierran Steppe,Pollinator Partnership,,,,,,
Symphyotrichum chilense var. chilense,western aster,Sierran Steppe,Pollinator Partnership,,,,,,
Cirsium occidentale,native thistles,Sierran Steppe,Pollinator Partnership,,,,,,
Dicentra formosa,western bleeding- heart,Sierran Steppe,Pollinator Partnership,,,,,pink,pink
Delphinium nudicaule,canyon larkspur,Sierran Steppe,Pollinator Partnership,,,,,red,red
Epilobium canum,California-fuchsia,Sierran Steppe,Pollinator Partnership,,,,,,
Eriogonum spp.,wild buckwheats,Sierran Steppe,Pollinator Partnership,,,,,,"white, pink, or yellow"
Eriophyllum lanatum,woolly-sunfl ower,Sierran Steppe,Pollinator Partnership,,,,,,yellow
Eschscholzia californica,California poppy,Sierran Steppe,Pollinator Partnership,,,,yellow to orange,yellow to orange,yellow to orange
Ipomopsis aggregata,scarlet gilia,Sierran Steppe,Pollinator Partnership,,,,,,
Iris missouriensis,western blue fl ag,Sierran Steppe,Pollinator Partnership,,,,,,blue
Lilium pardalinum,leopard lily,Sierran Steppe,Pollinator Partnership,,,,,,orange with darker spots
Lupinus polyphyllus,large-leaved lupine,Sierran Steppe,Pollinator Partnership,,,,,,blue
Mimulus cardinalis,scarlet monkeyfl ower,Sierran Steppe,Pollinator Partnership,,,,,red- orange,red-orange
Monardella odoratissima,mountain- pennyroyal,Sierran Steppe,Pollinator Partnership,,,,,,
Penstemon heterophyllus,foothill penstemon,Sierran Steppe,Pollinator Partnership,,,,,blue- violet,blue-violet
Phlox speciosa,showy phlox,Sierran Steppe,Pollinator Partnership,,,,,pink,pink
Ranunculus californicus,California buttercup,Sierran Steppe,Pollinator Partnership,,,yellow,yellow,yellow,yellow
Rudbeckia californica,California cone- fl ower,Sierran Steppe,Pollinator Partnership,,,,yellow,yellow,yellow
Scrophularia californica,California bee plant,Sierran Steppe,Pollinator Partnership,,,reddish- purple,reddish- purple,reddish- purple,reddish- purple
Sedum spathulifolium,Pacifi c stonecrop,Sierran Steppe,Pollinator Partnership,,,,,yellow,yellow
Sidalcea malvifl ora,checkermallow,Sierran Steppe,Pollinator Partnership,,,,pink,pink,pink
Silene californica,Indian-pink,Sierran Steppe,Pollinator Partnership,,,,,red,red
Sisyrinchium angustifolium,narrow leaf blue- eyed grass,Sierran Steppe,Pollinator Partnership,,,blue- purple,blue-purple,blue- purple,blue-purple
Solidago californica,California goldenrod,Sierran Steppe,Pollinator Partnership,,,,,,
Thermopsis macrophylla,golden-pea,Sierran Steppe,Pollinator Partnership,,,,,yellow,yellow
Triteleia ixioides,pretty face,Sierran Steppe,Pollinator Partnership,,,,,,yellow with purple markings
Triteleia laxa,Ithuriel’s spear,Sierran Steppe,Pollinator Partnership,,,,,blue- violet,blue-violet
Aristolochia californica,California pipevine,Sierran Steppe,Pollinator Partnership,,brownish- purple,brownish- purple,brownish- purple,,
Clematis ligusticifolia,western virgin’s bower,Sierran Steppe,Pollinator Partnership,,,,,,white
"Lonicera ciliosa, L. hispidula",vine honeysuckle,Sierran Steppe,Pollinator Partnership,,,,,"orange, pink","orange, pink"
Annual Flowers,,Sierran Steppe,Pollinator Partnership,,,,,,
Clarkia concinna,red ribbons,Sierran Steppe,Pollinator Partnership,,,,,,bright pink
Collinsia heterophylla,Chinese houses,Sierran Steppe,Pollinator Partnership,,,,blue and white,blue and white,blue and white
Gilia capitata,ballhead blue gilia,Sierran Steppe,Pollinator Partnership,,,,,blue,blue
Gilia tricolor,bird’s eye gilia,Sierran Steppe,Pollinator Partnership,,,,lavender with dark center,lavender with dark center,
Nemophila maculata,fi vespot,Sierran Steppe,Pollinator Partnership,,,,white with purple blotches,white with purple blotches,white with purple blotches
Nemophila menziesii,baby blue eyes,Sierran Steppe,Pollinator Partnership,,,,sky blue,sky blue,sky blue
Arbutus menziesii,Pacifi c madrone,Sierran Steppe,Pollinator Partnership,w,hite,20-50’,April-May,sun to partial sun,"dry to moist, well drained"
Arctostaphylos spp.,manzanita,Sierran Steppe,Pollinator Partnership,white,to pink,2-8’,Dec.-May,sun,dry
Calycanthus occidentalis,western spicebush,Sierran Steppe,Pollinator Partnership,red-p,urple,6-10’,April-June,partial sun to shade,moist to wet
Ceanothus spp.,wild-lilac,Sierran Steppe,Pollinator Partnership,"white, p or p","ink, blue, urple",6”-10’,March-June,sun,"moist winter/spring, dry summer; good drainage"
Cercis occidentalis,western redbud,Sierran Steppe,Pollinator Partnership,brigh,t pink,10-18’,March-May,sun to partial sun,dry to moist
Cornus nuttallii,Pacifi c dogwood,Sierran Steppe,Pollinator Partnership,white greenis,"bracts, h center",20-50’,April-June,sun to shade,"dry to moist, acidic"
Eriodictyon californicum,yerba santa,Sierran Steppe,Pollinator Partnership,white,to pink,4-6’,May-June,sun,"moist winter/spring, dry summer; good drainage"
Frangula californica ssp. californica,California coffeeberry,Sierran Steppe,Pollinator Partnership,gree,nish,3-15’,May-June,sun to partial sun,dry to moist
Fremontodendron californicum,fl annel bush,Sierran Steppe,Pollinator Partnership,yel,low,8-20’,April-May,sun to shade,"moist winter/spring, dry summer; good drainage"
Heteromeles arbutifolia,toyon,Sierran Steppe,Pollinator Partnership,w,hite,6-10’,May-June,sun to partial sun,"moist, well drained"
Mimulus aurantiacus,bush monkeyfl ower,Sierran Steppe,Pollinator Partnership,ora,nge,2-4’,May-july,sun to partial sun,dry to moist
Philadelphus lewisii,mockorange,Sierran Steppe,Pollinator Partnership,w,hite,4-10’,May-June,sun to partial sun,dry to moist
Prunus virginiana,chokecherry,Sierran Steppe,Pollinator Partnership,w,hite,5-20’,May-June,sun,dry to moist
Rhododendron occidentale,western azalea,Sierran Steppe,Pollinator Partnership,"white, pa to",le yellow pink,6-10’,June-July,shade to sun,moist to wet
Ribes roezlii,Sierra gooseberry,Sierran Steppe,Pollinator Partnership,red-p,urple,2-5’,May-June,sun to partial sun,dry to moist
Rosa californica,wild rose,Sierran Steppe,Pollinator Partnership,pi,nk,3-6’,May-June,sun to partial sun,dry to moist
Sambucus nigra ssp. canadensis,blue elderberry,Sierran Steppe,Pollinator Partnership,w,hite,8-20’,May-Oct.,sun to partial sun,moist
Spiraea densifl ora,mountain spiraea,Sierran Steppe,Pollinator Partnership,brigh,t pink,2-3’,June-July,sun to partial sun,moist to wet
Styrax offi cinalis,western snowdrop bush,Sierran Steppe,Pollinator Partnership,w,hite,3-14’,April-June,sun to partial sun,dry
Achillea millefolium,yarrow,Sierran Steppe,Pollinator Partnership,white to,pale pink,1-2’,March-Nov.,sun,dry to moist
Aconitum columbianum,western monkshood,Sierran Steppe,Pollinator Partnership,blue-,purple,1-6’,June-Aug.,partial sun to shade,moist to wet
Aquilegia formosa,red columbine,Sierran Steppe,Pollinator Partnership,r,ed,1-4’,April-Aug.,partial sun to sun,moist to wet
Asclepias speciosa,showy milkweed,Sierran Steppe,Pollinator Partnership,white,to pink,1-3’,May-Aug.,sun,dry to moist
Cirsium occidentale,native thistles,Sierran Steppe,Pollinator Partnership,r,ed,2-4’,June-Aug.,sun,dry
Dicentra formosa,western bleeding- heart,Sierran Steppe,Pollinator Partnership,pi,nk,1-2’,March-July,partial sun to shade,dry to moist
Delphinium nudicaule,canyon larkspur,Sierran Steppe,Pollinator Partnership,r,ed,1-3’,March-June,partial shade,moist
Epilobium canum,California-fuchsia,Sierran Steppe,Pollinator Partnership,r,ed,1-2’,July-Oct.,sun,dry
Eriogonum spp.,wild buckwheats,Sierran Steppe,Pollinator Partnership,"white, yel","pink, or low",4”-4’,May-Nov.,sun,dry
Eriophyllum lanatum,woolly-sunfl ower,Sierran Steppe,Pollinator Partnership,yel,low,6-24”,May-Aug.,sun to partial sun,"moist winter/spring, dry summer; good drainage"
Eschscholzia californica,California poppy,Sierran Steppe,Pollinator Partnership,yellow to orange,6-24”,March-Nov.,sun to shade,"moist winter/spring, dry summer; good drainage",bees
Ipomopsis aggregata,scarlet gilia,Sierran Steppe,Pollinator Partnership,red,1-2’,June-Sept.,sun,dry,hummingbirds
Iris missouriensis,western blue fl ag,Sierran Steppe,Pollinator Partnership,blue,1-2’,May-July,sun to partial sun,moist to wet,"bees, hummingbirds"
Lilium pardalinum,leopard lily,Sierran Steppe,Pollinator Partnership,orange with darker spots,2-5’,May-July,sun to partial sun,moist to wet,"bees, butterfl ies, hummingbirds"
Lupinus polyphyllus,large-leaved lupine,Sierran Steppe,Pollinator Partnership,blue,2-4’,May-July,sun to partial sun,dry to moist,"bees, butterfl ies"
Mimulus cardinalis,scarlet monkeyfl ower,Sierran Steppe,Pollinator Partnership,red-orange,1-3’,April-Oct.,sun to partial sun,moist to wet,hummingbirds
Monardella odoratissima,mountain-pennyroyal,Sierran Steppe,Pollinator Partnership,pale pink to lavender,1/2-2’,June-Aug.,sun to partial sun,"moist winter/spring, dry summer; good drainage",butterfl ies
Penstemon heterophyllus,foothill penstemon,Sierran Steppe,Pollinator Partnership,blue-violet,1-3’,April-July,sun,"moist winter/spring, dry summer; good drainage","bees, butterfl ies, hummingbirds"
Phlox speciosa,showy phlox,Sierran Steppe,Pollinator Partnership,pink,6-12”,April-June,sun to partial sun,dry to moist,"butterfl ies, fl ies, hummingbirds"
Ranunculus californicus,California buttercup,Sierran Steppe,Pollinator Partnership,yellow,1-2’,Feb.-July,sun to partial sun,dry to moist,bees
Rudbeckia californica,California cone-fl ower,Sierran Steppe,Pollinator Partnership,yellow,3-4’,March-July,sun to partial sun,moist to wet,"bees, butterfl ies"
Scrophularia californica,California bee plant,Sierran Steppe,Pollinator Partnership,reddish-purple,3-6’,Feb.-July,partial sun to shade,moist,"butterfl ies, hummingbirds"
Sedum spathulifolium,Pacifi c stonecrop,Sierran Steppe,Pollinator Partnership,yellow,2-12”,April-July,partial sun to shade,dry to moist,"bees, butterfl ies"
Sidalcea malvifl ora,checkermallow,Sierran Steppe,Pollinator Partnership,pink,1-3’,March-June,sun to partial sun,"moist winter/spring, dry summer; good drainage",bees
Silene californica,Indian-pink,Sierran Steppe,Pollinator Partnership,red,6-18”,April-July,sun to partial sun,dry to moist,hummingbirds
Sisyrinchium angustifolium,narrow leaf blue-eyed grass,Sierran Steppe,Pollinator Partnership,blue-purple,4-16”,Feb.-July,sun,moist to wet,bees
Solidago californica,California goldenrod,Sierran Steppe,Pollinator Partnership,yellow,1-3’,July-Oct.,sun,dry to moist,"bees, butterfl ies"
Symphyotrichum chilense var. chilense,western aster,Sierran Steppe,Pollinator Partnership,violet,1-3’,July-Nov.,sun,moist to wet,"bees, butterfl ies"
Thermopsis macrophylla,golden-pea,Sierran Steppe,Pollinator Partnership,yellow,1-3’,April-June,sun to partial sun,dry to moist,bees
Triteleia ixioides,pretty face,Sierran Steppe,Pollinator Partnership,yellow with purple markings,6-18”,May-Aug.,sun,"moist winter/spring, dry summer; good drainage",bees
Triteleia laxa,Ithuriel’s spear,Sierran Steppe,Pollinator Partnership,blue-violet,1-2’,April-June,sun,"moist winter/spring, dry summer; good drainage",bees
Aristolochia californica,California pipevine,Sierran Steppe,Pollinator Partnership,brownish-purple,15’,Jan.-March,partial sun to shade,moist,"beetles, butterfl ies, fl ies"
Clematis ligusticifolia,western virgin’s bower,Sierran Steppe,Pollinator Partnership,white,20’,May-Aug.,sun to partial sun,moist,hummingbirds
"Lonicera ciliosa, L. hispidula",vine honeysuckle,Sierran Steppe,Pollinator Partnership,"orange, pink",10’,April-June,partial sun,moist,"bees, hummingbirds"
Annual Flowers,,Sierran Steppe,Pollinator Partnership,,,,,,
Clarkia concinna,red ribbons,Sierran Steppe,Pollinator Partnership,bright pink,2-12”,May-July,sun,"moist winter/spring, good drainage","bees, hummingbirds"
Collinsia heterophylla,Chinese houses,Sierran Steppe,Pollinator Partnership,blue and white,4-20”,March-July,partial sun to shade,"moist winter/spring, good drainage",bees.butterfl ies
Gilia capitata,ballhead blue gilia,Sierran Steppe,Pollinator Partnership,blue,6-12”,April-July,sun to partial sun,"moist winter/spring, good drainage","bees, fl ies"
Gilia tricolor,bird’seye gilia,Sierran Steppe,Pollinator Partnership,lavender with dark center,4-6”,March-April,sun to partial sun,"moist winter/spring, good drainage","bees, fl ies"
Nemophila maculata,fi vespot,Sierran Steppe,Pollinator Partnership,white with purple blotches,4-12”,March-July,sun,"moist winter/spring, good drainage",bees
Nemophila menziesii,baby blue eyes,Sierran Steppe,Pollinator Partnership,sky blue,4-12”,March-July,sun,"moist winter/spring, good drainage",bees
