scientific_name,common_name,plant_type,deer_rating,deer_rating_code
Seldom,Severely Damaged,Bulbs,Seldom Severely Damaged,B
Rarely,Damaged Ceratostigma plumbaginoides Plumbago,Bulbs,Rarely Damaged,A
Gaultheria procumbens,Creeping Wintergreen,Bulbs,Rarely Damaged,A
Allium sp.,Ornamental Onion,Bulbs,Rarely Damaged,A
Liriope sp.,Lilyturf,Bulbs,Rarely Damaged,A
Colchicum sp.,Autumn Crocus,Bulbs,Rarely Damaged,A
Vinca major,Large Periwinkle,Bulbs,Rarely Damaged,A
Endymion sp.,Bluebell,Bulbs,Rarely Damaged,A
Vinca minor,Periwinkle,Bulbs,Rarely Damaged,A
Eranthus hyemalis,Winter Aconite,Bulbs,Rarely Damaged,A
Fritilaria imperialis,"Crown Imperial, Fritilia",Bulbs,Rarely Damaged,A
Galanthus nivalis,Snowdrops Occasionally Severely Damaged,Bulbs,Occasionally Severely Damaged,C
Narcissus sp.,Daffodil Euonymus fortunei Wintercreeeper,Bulbs,Occasionally Severely Damaged,C
Scilla siberica,Siberian Squill Hedera helix English Ivy,Bulbs,Occasionally Severely Damaged,C
Seldom,Severely Damaged ORNAMENTAL GRASSES,Ornamental Grasses,Seldom Severely Damaged,B
Camassia leichtlini,Camassia Rarely Damaged,Ornamental Grasses,Rarely Damaged,A
Canna sp.,Canna Lily,Ornamental Grasses,Rarely Damaged,A
Acorus sp.,Japanese Sweet Flag,Ornamental Grasses,Rarely Damaged,A
Colocasia esculenta,Elephant Ear,Ornamental Grasses,Rarely Damaged,A
Andropogon sp.,Big Bluestem,Ornamental Grasses,Rarely Damaged,A
Crocus sp.,Crocus,Ornamental Grasses,Rarely Damaged,A
Arrhenatherum elatius,Varigated Oat Grass,Ornamental Grasses,Rarely Damaged,A
Gladiolus sp.,Gladiolus,Ornamental Grasses,Rarely Damaged,A
Arundo donax,Giant Reed,Ornamental Grasses,Rarely Damaged,A
Gloriosa superba,Glory Lily,Ornamental Grasses,Rarely Damaged,A
Calamagrostis sp.,Feather Reed Grass,Ornamental Grasses,Rarely Damaged,A
Hyacinthus sp.,Hyacinth,Ornamental Grasses,Rarely Damaged,A
Carex sp.,Japanese Sedge,Ornamental Grasses,Rarely Damaged,A
Muscari sp.,Grape Hyacinth,Ornamental Grasses,Rarely Damaged,A
Chasmanthium latifolium,Northern Sea Oats,Ornamental Grasses,Rarely Damaged,A
Oxalis sp.,Wood Sorrel,Ornamental Grasses,Rarely Damaged,A
Cortaderia selloana,Pampus Grass,Ornamental Grasses,Rarely Damaged,A
Zantedeschia sp.,Calla Lily,Ornamental Grasses,Rarely Damaged,A
Eragrostus curvula,Weeping Love Grass,Ornamental Grasses,Rarely Damaged,A
Erianthus ravennae,Ravenna Grass,Ornamental Grasses,Rarely Damaged,A
Occasionally,Severely Damaged Fargesia sp. Clump Bamboo,Ornamental Grasses,Occasionally Severely Damaged,C
Caladium sp.,Caladium Festuca glauca Blue Fescue,Ornamental Grasses,Occasionally Severely Damaged,C
Lilium sp.,Garden Lily Hakonechloa macra Hakonechloa,Ornamental Grasses,Occasionally Severely Damaged,C
Helictotrichon sempervirens,Blue Oat Grass,Ornamental Grasses,Occasionally Severely Damaged,C
Frequently,Severely Damaged Imperata cylindrica Japanese Blood Grass,Ornamental Grasses,Frequently Severely Damaged,D
Juncus,Effusus Hard Rush,Ornamental Grasses,Frequently Severely Damaged,D
Tulip sp.,Tulip,Ornamental Grasses,Frequently Severely Damaged,D
Koeleria glauca,Large Blue June Grass,Ornamental Grasses,Frequently Severely Damaged,D
Lyme,Grass,Ornamental Grasses,Frequently Severely Damaged,D
Miscanthus floridulis,Giant Japanese Silver Grass,Ornamental Grasses,Frequently Severely Damaged,D
Rarely,Damaged Miscanthus sinensis Japanese Silver Grass,Ornamental Grasses,Rarely Damaged,A
Athyrium goeringianum,Japanese Painted Fern Molinia caerulea Purple Moor Grass,Ornamental Grasses,Rarely Damaged,A
Variegated,Purple Moor Grass,Ornamental Grasses,Rarely Damaged,A
Cyrtomium falcatum,Holly Fern Panicum virgatum Switch Grass,Ornamental Grasses,Rarely Damaged,A
Dennstaedtia punctilobula,Hayscented Fern Pennisetum alopecuroides Fountain Grass,Ornamental Grasses,Rarely Damaged,A
Dryopteris marginalis,Wood Fern Pennisetum orientale Oriental Fountain Grass,Ornamental Grasses,Rarely Damaged,A
Matteuccia struthiopteris,Ostrich Fern Phyllostachys aurea Golden Bamboo,Ornamental Grasses,Rarely Damaged,A
Onoclea sensibilis,Sensitive Fern Schizachyrium scoparium Little Bluestem,Ornamental Grasses,Rarely Damaged,A
Osmunda cinnamomea,Cinnamon Fern Sorghastrum nutans Indian Grass,Ornamental Grasses,Rarely Damaged,A
Osmunda regalis,Royal Fern,Ornamental Grasses,Rarely Damaged,A
Polystichum arcostichoides,Christmas Fern Seldom Severely Damaged,Ornamental Grasses,Seldom Severely Damaged,B
Thelyptens noveboracensis,New York Fern Bambusa sp. Bamboo,Ornamental Grasses,Seldom Severely Damaged,B
Carex pendula,Drooping Sedge,Ornamental Grasses,Seldom Severely Damaged,B
Hystrix patula,Bottlebrush Grass,Groundcovers,Seldom Severely Damaged,B
Ophiopogon japonicus,Dwarf Mondo Grass,Groundcovers,Seldom Severely Damaged,B
Rarely,Damaged,Groundcovers,Rarely Damaged,A
Phalaris arundinaceae,Ribbon Grass,Groundcovers,Rarely Damaged,A
Aegopodium podagaria,Bishop’s Weed,Groundcovers,Rarely Damaged,A
Scirpus lacustris,Sedge,Groundcovers,Rarely Damaged,A
Ajuga reptans,Bugleweed,Groundcovers,Rarely Damaged,A
Arctostaphylos,uva-ursi Bearberry,Groundcovers,Rarely Damaged,A
Convallaria majalis,Lily of the Valley,Perennials,Rarely Damaged,A
Epimediurn sp.,Barrenwort Rarely Damaged,Perennials,Rarely Damaged,A
Asperula,Sweet Woodruff Aconitum sp. Monkshood,Perennials,Rarely Damaged,A
Agastache sp.,Anise Hyssop,Perennials,Rarely Damaged,A
Lamium sp.,Spotted Deadnettle Allium sp. Ornamental Onion,Perennials,Rarely Damaged,A
Pachysandra procumbens,Allegheny Spurge Arabis caucasica Rock-Cress,Perennials,Rarely Damaged,A
Pachysandra terminalis,Pachysandra,Perennials,Rarely Damaged,A
Arisaema triphylum,Jack-in-the-pulpit Anchusa sp. Bugloss,Perennials,Rarely Damaged,A
Armoracia rusticana,Horseradish Anemone x hybrida Japanese Anemone,Perennials,Rarely Damaged,A
Artemisia dracunculus,Tarragon Anemonella thalictroides Rue Anemone,Perennials,Rarely Damaged,A
Artemisia sp.,Silver Mound Aquilegia sp. Columbine,Perennials,Rarely Damaged,A
Asarum canadense,Wild Ginger Armeria maritima Sea Thrift,Perennials,Rarely Damaged,A
Asarum europaeum,European Ginger Asclepias incarnata Swamp Milkweed,Perennials,Rarely Damaged,A
Aubretia deltoidea,Purple Rock-Cress Asclepias tuberosa Butterfly Weed,Perennials,Rarely Damaged,A
Aurinia saxatilis,Basket of Gold Asparagus officinalis Asparagus,Perennials,Rarely Damaged,A
Baptisia australis,False Indigo Aster sp. Aster,Perennials,Rarely Damaged,A
Bruneria macrophylla,Siberian Bugloss Astilbe sp. Astilbe,Perennials,Rarely Damaged,A
Bergenia sp.,Heartleaf Bergenia,Perennials,Rarely Damaged,A
Cactaceae sp.,Cactus Boltonia asteroides White Boltonia,Perennials,Rarely Damaged,A
Coreopsis verticillata,Threadleaf Coreopsis Cerastium Snow-in-Summer,Perennials,Rarely Damaged,A
Corydalis sp.,Corydalis Chrysanthemum parthenium Feverfew,Perennials,Rarely Damaged,A
Dicentra eximia,"Fringed Bleeding Heart Cimcifuga sp. Snakeroot, Bugbane",Perennials,Rarely Damaged,A
Dicentra spectabilis,Bleeding Heart Coreopsis lanceolata Lance Coreopsis,Perennials,Rarely Damaged,A
Echinops ritro,Small Globe Thistle Croscosmia sp. Crocosmia,Perennials,Rarely Damaged,A
Spurge,Cyclamen sp. Cyclamen,Perennials,Rarely Damaged,A
Delphinium sp.,Delphinium,Perennials,Rarely Damaged,A
Helleborus sp.,"Lenton or Christmas Rose Dianthus sp. Carnation, Pinks",Perennials,Rarely Damaged,A
Rocket,Dictamus alba Gas Plant,Perennials,Rarely Damaged,A
Hyssopus officinalis,Hyssop Digitalis grandiflora Yellow Foxglove,Perennials,Rarely Damaged,A
Iris,Echinacea purpurea Purple Coneflower,Perennials,Rarely Damaged,A
Lavandula sp.,Lavendar Erythronium Trout Lily,Perennials,Rarely Damaged,A
Ligularia dentata,Bigleaf Goldenray Eupatorium coelestinurn Mist Flower,Perennials,Rarely Damaged,A
Rocket,Ligularia Eupatorium rugosum White Snakeroot,Perennials,Rarely Damaged,A
Limonium latifolium,Statice Geranium macrorrhizum Hardy Geranium,Perennials,Rarely Damaged,A
Linaria vulgaris,Butter & Eggs Gypsophila sp. Baby’s Breath,Perennials,Rarely Damaged,A
Lychnis coronaria,Rose Campion Helenium autumnale Sneezeweed,Perennials,Rarely Damaged,A
Majorana,Marjoram Heuchera sp. Coralbells,Perennials,Rarely Damaged,A
Marrubium vulgare,Horehound Hypericum calycinum St. John’s Wort,Perennials,Rarely Damaged,A
Melissa officinalis,Lemon Balm Iberis sempervirens Candytuft,Perennials,Rarely Damaged,A
Mentha sp.,Mint Kirengeshoma palmata Yellow Wax-Bells,Perennials,Rarely Damaged,A
Myosotis sp.,Forget-Me-Not Kniphofia tritoma Red-Hot Poker,Perennials,Rarely Damaged,A
Nepeta sp.,Catmint Liatris sp. Blazing Star,Perennials,Rarely Damaged,A
Oreganum sp.,Oregano Lobelia sp. Cardinal Flower,Perennials,Rarely Damaged,A
Peony,Lupinus sp. Lupine,Perennials,Rarely Damaged,A
Perovskio atriplicifolia,Russian Sage Lychnis chalcedonica Maltese Cross,Perennials,Rarely Damaged,A
Phlomis sp.,Greek Jerusalem Sage Macleaya cordata Plume Poppy,Perennials,Rarely Damaged,A
Podophyllum,May Apple Mertensia virginica Virginia Bluebells,Perennials,Rarely Damaged,A
Potentilla sp.,"Potentilla, Cinquefoil Monarda didyma Beebalm",Perennials,Rarely Damaged,A
Pulmonaria sp.,Lungwort Papaver orientale Oriental Poppy,Perennials,Rarely Damaged,A
Ranunculus sp.,Buttercup Patrinia scabiosifolia Patrinia,Perennials,Rarely Damaged,A
Rodgersia sp.,Rodgers Flower Physostegia sp. Obedient Plant,Perennials,Rarely Damaged,A
Ruta sp.,Rue Polemonium caeruleum Jacob’s Ladder,Perennials,Rarely Damaged,A
Salvia officinalis,Garden Sage Primula sp. Primrose,Perennials,Rarely Damaged,A
Santolina chamaecyparissus,Lavender-Cotton Rheum rhabarbarum Rhubarb,Perennials,Rarely Damaged,A
Tanacetum vulgare,Common Tansy Salvia nemorosa Meadow Sage,Perennials,Rarely Damaged,A
Teucrium,Chamaedrys Germander Saponaria sp. Soapwort,Perennials,Rarely Damaged,A
Thalictrum sp.,Meadow Rue Satureja montana Savory,Perennials,Rarely Damaged,A
Thymus sp.,Thyme Scabiosa caucasica Pincushin Flower,Perennials,Rarely Damaged,A
Yucca filimentosa,Yucca Sempervivum sp. Hens and Chickens,Perennials,Rarely Damaged,A
Solidago sp.,Goldenrod,Perennials,Rarely Damaged,A
Seldom,Severely Damaged Stokesia laevis Stokes’ Aster,Perennials,Seldom Severely Damaged,B
Symplocarpos foetidus,Skunk Cabbage,Perennials,Seldom Severely Damaged,B
Achillea filipendulina,Yarrow,Perennials,Seldom Severely Damaged,B
Tiarella cordifolia,Foam Flower,Perennials,Seldom Severely Damaged,B
Achillea millefolium,Common Yarrow,Perennials,Seldom Severely Damaged,B
Tradescantia sp.,Spiderwort,Perennials,Seldom Severely Damaged,B
Agapanthus sp.,African Lily,Perennials,Seldom Severely Damaged,B
Tricyrtis hirta,Toad Lily,Perennials,Seldom Severely Damaged,B
Alchemilla sp.,Ladys’ Mantle,Perennials,Seldom Severely Damaged,B
Trillium sp.,Trillium Erica sp. Heath,Perennials,Seldom Severely Damaged,B
John,T. Morris Holly,Perennials,Seldom Severely Damaged,B
Lydia,Morris Holly,Perennials,Seldom Severely Damaged,B
Prince,Prince of Wales Juniper,Perennials,Seldom Severely Damaged,B
Occasionally,Severely Damaged Juniperus scopulorum Moonglow Juniper,Perennials,Occasionally Severely Damaged,C
Alcea sp.,Hollyhock,Perennials,Occasionally Severely Damaged,C
Leucothoe fontanesiana,Drooping Leucothoe,Perennials,Occasionally Severely Damaged,C
Aruncus sp.,Goat’s Beard,Perennials,Occasionally Severely Damaged,C
Mahonia aquifolium,Oregon Grape Holly,Perennials,Occasionally Severely Damaged,C
Begonia grandis,Hardy Begonia,Perennials,Occasionally Severely Damaged,C
Mahonia bealei,Leatherleaf Mahonia,Perennials,Occasionally Severely Damaged,C
Bellis perennis,English Daisy,Perennials,Occasionally Severely Damaged,C
Microbiota decussata,Russian Cypress,Perennials,Occasionally Severely Damaged,C
Campanula glomerata,Bellflower,Perennials,Occasionally Severely Damaged,C
Myrica pensylvanica,Bayberry,Perennials,Occasionally Severely Damaged,C
Centaurea montana,Mountain Bluet,Perennials,Occasionally Severely Damaged,C
Pieris floribunda,Mountain Pieris,Perennials,Occasionally Severely Damaged,C
Chelone sp.,Pink Turtlehead,Perennials,Occasionally Severely Damaged,C
Pieris japonica,"Japanese Pieris, Andromeda",Perennials,Occasionally Severely Damaged,C
Chrysanthemum,Fall Mums,Perennials,Occasionally Severely Damaged,C
Potentilla fruticosa,Bush Cinquefoil,Perennials,Occasionally Severely Damaged,C
Chrysanthemum superbum,Shasta Daisy,Perennials,Occasionally Severely Damaged,C
Rhus aromatica,Fragrant Sumac,Perennials,Occasionally Severely Damaged,C
Erigeron sp.,Fleabane,Perennials,Occasionally Severely Damaged,C
Sambucus racemosa,Red Elderberry,Perennials,Occasionally Severely Damaged,C
Euphorbia dulcis,‘Chameleon’ Spurge,Perennials,Occasionally Severely Damaged,C
Sarcoccoca hookeriana,Sweet Box,Perennials,Occasionally Severely Damaged,C
Filipendula sp.,Meadowsweet,Perennials,Occasionally Severely Damaged,C
Skimmia japonica,Japanese Skimmia,Perennials,Occasionally Severely Damaged,C
Gaillardia sp.,Blanket Flower,Perennials,Occasionally Severely Damaged,C
Viburnum dentatum,Arrowwood Viburnum,Perennials,Occasionally Severely Damaged,C
Geranium clarkei,Hardy Geranium,Perennials,Occasionally Severely Damaged,C
Geranium sanguineum,Hardy Geranium,Perennials,Occasionally Severely Damaged,C
Geranium x cantabrigiense,Hardy Geranium Seldom Severely Damaged,Perennials,Seldom Severely Damaged,B
Geum sp.,"Geum, Avens Abelia sp. Glossy Abelia",Perennials,Seldom Severely Damaged,B
Hemerocallis sp.,Daylily Abies balsamea Dwarf Balsam Fir,Perennials,Seldom Severely Damaged,B
Hibiscus moscheutos,Rose Mallow Andromeda polifolia Bog Rosemary,Perennials,Seldom Severely Damaged,B
Leucanthemum maximum,Shasta Daisy Aronia arbutifolia Red Chokeberry,Perennials,Seldom Severely Damaged,B
Lysimachia clethroides,Gooseneck Loosestrife Aucuba japonica Goldust Plant,Perennials,Seldom Severely Damaged,B
Lythrum sp.,Purple Loosestrife Callicarpa sp. Beautyberry,Perennials,Seldom Severely Damaged,B
Oenethera sp.,Sundrops Calycanthus floridus Common Sweetshrub,Perennials,Seldom Severely Damaged,B
Penstemon sp.,Penstemon Calycanthus occidentalis California Sweetshrub,Perennials,Seldom Severely Damaged,B
Phlox sp.,Phlox Chaenomeles japonica Japanese Flowering Quince,Perennials,Seldom Severely Damaged,B
Platycodon grandiflorus,Balloon Flower Clerodendrum fargesii Harlequin Glorybower,Perennials,Seldom Severely Damaged,B
Seal,Clethra sp. Sweet Pepperbush,Perennials,Seldom Severely Damaged,B
Sedum spectabile,Showy Sedum Cornus alba Red Twigged Dogwood,Perennials,Seldom Severely Damaged,B
Sidalcia malviflora,Checkermallow Cornus sericea Red Osier Dogwood,Perennials,Seldom Severely Damaged,B
Symphytum officinale,Comfrey Corylus sp. Hazelnut,Perennials,Seldom Severely Damaged,B
Trollius sp.,Globeflower Cotinus coggygria Smokebush,Perennials,Seldom Severely Damaged,B
Cotoneaster apiculatus,Cranberry Cotoneaster,Perennials,Seldom Severely Damaged,B
Frequently,Severely Damaged Cotoneaster congestus Pyrenees Cotoneaster,Perennials,Frequently Severely Damaged,D
Cotoneaster dammeri,Bearberry Cotoneaster,Perennials,Frequently Severely Damaged,D
Eryngium sp.,Sea-Holly,Perennials,Frequently Severely Damaged,D
Cotoneaster horizontalis,Rockspray Cotoneaster,Perennials,Frequently Severely Damaged,D
Fragraria sp.,Strawberry,Perennials,Frequently Severely Damaged,D
Cotoneaster salicifolius,Willowleaf Cotoneaster,Perennials,Frequently Severely Damaged,D
Geranium endressii,Hardy Geranium,Perennials,Frequently Severely Damaged,D
Deutzia sp.,Deutzia,Perennials,Frequently Severely Damaged,D
Hosta sp.,Hosta,Perennials,Frequently Severely Damaged,D
Elaeagnus umbellatus,Autumn Olive,Perennials,Frequently Severely Damaged,D
Pardancanda x norrisii,Candy Lily,Perennials,Frequently Severely Damaged,D
Enkianthus campanulatus,Redvein Enkianthus,Perennials,Frequently Severely Damaged,D
Forsythia x intermedia,Forsythia,Perennials,Frequently Severely Damaged,D
Fothergila sp.,Fothergillia,Shrubs,Frequently Severely Damaged,D
Rarely,Damaged Halesia carolina Carolina Silverbell,Shrubs,Rarely Damaged,A
Walking,Stick Hamamelis virginiana Common Witchhazel,Shrubs,Rarely Damaged,A
Berberis sp.,Barberry Hibiscus syriacus Rose of Sharon,Shrubs,Rarely Damaged,A
Buddleia sp.,Butterfly Bush Hippophae rhamnoides Sea Buckthorn,Shrubs,Rarely Damaged,A
Buxus sempervirens,Common Boxwood Hypericum prolificum St. John’s Wort,Shrubs,Rarely Damaged,A
Calliuna sp.,Heather Ilex aquifolium English Holly,Shrubs,Rarely Damaged,A
Caryopteris clandonensis,Blue Mist Shrub Ilex cornuta Chinese Holly,Shrubs,Rarely Damaged,A
Cephalotaxus harringtonia,Japanese Plum Yew Ilex glabra Inkberry,Shrubs,Rarely Damaged,A
Cytisus sp.,Broom Ilex verticillata Winterberry Holly,Shrubs,Rarely Damaged,A
Daphne sp.,Daphne Itea virginica Virginia Sweetspire,Shrubs,Rarely Damaged,A
Armstrong,Juniper,Shrubs,Rarely Damaged,A
Juniperus chinensis cv.*,Chinese Juniper Prunus x cistena Purple Leaf Sand Cherry,Shrubs,Rarely Damaged,A
Pfitzer,Juniper Rhododendron carolinianum Carolina Rhododendron,Shrubs,Rarely Damaged,A
Juniperus horizontalis cv.*,Creeping Juniper Rhododendron catawbiense Catawba Rhododendron,Shrubs,Rarely Damaged,A
Juniperus horizontalis,Youngstown Andorra Juniper Rhododendron maximum Rosebay Rhododendron,Shrubs,Rarely Damaged,A
Rhododendron sp.*,Deciduous Azaleas,Shrubs,Rarely Damaged,A
Japanese,Garden Juniper Rosa multiflora Multiflora Rose,Shrubs,Rarely Damaged,A
Juniperus sabin cv.,Savin/Tam Juniper Rosa rugosa Rugosa Rose,Shrubs,Rarely Damaged,A
Juniperus scopulorum cv.*,Mountain Juniper Rosa x hybrid Hybrid Tea Rose,Shrubs,Rarely Damaged,A
Blue,Star Juniper Syringa villosa Late Lilac,Shrubs,Rarely Damaged,A
Juniperus squamata cv.*,Singleseed Juniper Syringa x chinesis Chinese Lilac,Shrubs,Rarely Damaged,A
Kerria japonica,Japanese Kerria Syringa x persica Persian Lilac,Shrubs,Rarely Damaged,A
Kolkwitzia amabilis,Beautybush Vaccinum corymbosum Highbush Blueberry,Shrubs,Rarely Damaged,A
Lagerstroemia indica,Crape Myrtle,Shrubs,Rarely Damaged,A
Leucothoe axillaris,Coast Leucothoe Frequently Severely Damaged,Shrubs,Frequently Severely Damaged,D
Ligustrurn sp.,Privet,Shrubs,Frequently Severely Damaged,D
Euonymus fortunei,Wintercreeper,Shrubs,Frequently Severely Damaged,D
Lindera benzoin,Spicebush,Shrubs,Frequently Severely Damaged,D
Rhododendron penclymenoides,Pinxterbloom Azalea,Shrubs,Frequently Severely Damaged,D
Magnolia x soulangiana,Saucer Magnolia,Shrubs,Frequently Severely Damaged,D
Rhododendron sp.*,Evergreen Azaleas,Shrubs,Frequently Severely Damaged,D
Osmanthus heterophyllus,Holly Osmanthus,Shrubs,Frequently Severely Damaged,D
Rhododendron sp.*,Rhododendrons,Shrubs,Frequently Severely Damaged,D
Philadelphus coronarius,Sweet Mock Orange,Shrubs,Frequently Severely Damaged,D
Taxus sp.,Yews,Shrubs,Frequently Severely Damaged,D
Pinus mugo,Mugo Pine,Shrubs,Frequently Severely Damaged,D
Prunus laurocerasus,Cherry Laurel,Shrubs,Frequently Severely Damaged,D
Pyracantha coccinea,Firethorn,Trees,Frequently Severely Damaged,D
Rhammus sp.,Buckthorn Rarely Damaged,Trees,Rarely Damaged,A
Ribes sp.,Currant Aesculus parviflora Bottlebrush Buckeye,Trees,Rarely Damaged,A
Rubus sp.,Brambles Albizia julibrissin Mimosa,Trees,Rarely Damaged,A
Sambucus canadensis,"Blueberry Elder, Sweet Elder Asimina triloba Pawpaw",Trees,Rarely Damaged,A
Spiraea japonica,Japanese Spirea Betula nigra River Birch,Trees,Rarely Damaged,A
Spiraea prunifolia,Bridalwreath Spirea Betula papyrifera Paper Birch,Trees,Rarely Damaged,A
Spiraea x bumalda,Anthony Waterer Spirea Cercidiphyllum japonicum Katsura Tree,Trees,Rarely Damaged,A
Symphoricarpos albus,Snowberry Ilex opaca American Holly,Trees,Rarely Damaged,A
Dwarf,Alberta Spruce,Trees,Rarely Damaged,A
Syringa reticulata,Japanese Tree Lilac Pinus resinosa Red Pine,Trees,Rarely Damaged,A
Syringa vulgaris,Common Lilac Pinus rigida Pitch Pine,Trees,Rarely Damaged,A
Viburnum carlesii,Koreanspice Viburnum Pinus thunbergiana Japanese Black Pine,Trees,Rarely Damaged,A
Viburnum opulus,Cranberry Bush,Trees,Rarely Damaged,A
Viburnum plicatum,Doublefile Viburnum,Trees,Rarely Damaged,A
Acer griseurn,Paperbark Maple,Trees,Seldom Severely Damaged,B
Viburnum prunifolium,Blackhaw Viburnum,Trees,Seldom Severely Damaged,B
Acer palmatum,Japanese Maple,Trees,Seldom Severely Damaged,B
Viburnum rhytidophyllum,Leatherleaf Viburnum,Trees,Seldom Severely Damaged,B
Acer pensylvanicum,Striped Maple,Trees,Seldom Severely Damaged,B
Viburnum x juddii,Judd Viburnum,Trees,Seldom Severely Damaged,B
Acer rubrum,Red Maple,Trees,Seldom Severely Damaged,B
Weigela florida,Weigela,Trees,Seldom Severely Damaged,B
Acer saccharum,Sugar Maple,Trees,Seldom Severely Damaged,B
Aesculus x carnea,Ruby Horsechestnut,Trees,Seldom Severely Damaged,B
Occasionally,Severely Damaged,Trees,Occasionally Severely Damaged,C
Amelanchier arborea,Downy Serviceberry,Trees,Occasionally Severely Damaged,C
Cornus racemosa,Panicled Dogwood Amelanchier canadensis Shadbush,Trees,Occasionally Severely Damaged,C
Cornus sanguinea,Bloodtwig Dogwood Amelanchier laevis Allegheny Serviceberry,Trees,Occasionally Severely Damaged,C
Corylopsis glabrescens,Fragrant Winterhazel Betula albo-sinensis Chinese Paper Birch,Trees,Occasionally Severely Damaged,C
Euonymus alata,Winged Euonymus Betula jacquemontii Himalayan Birch,Trees,Occasionally Severely Damaged,C
Euonymus japonica,Japanese Euonymus Betula lutea Yellow Birch,Trees,Occasionally Severely Damaged,C
Hydrangea arborescens,Smooth Hydrangea Betula pendula European White Birch,Trees,Occasionally Severely Damaged,C
Hydrangea macrophylla,Bigleaf Hydrangea Chaenomeles speciosa Common Flowering Quince,Trees,Occasionally Severely Damaged,C
Hydrangea paniculata,Panicle Hydrangea Chamaecyparis pisifera Japanese Falsecypress,Trees,Occasionally Severely Damaged,C
Hydrangea quercifolia,Oakleaf Hydrangea Chionanthus retusus Chinese Fringe Tree,Trees,Occasionally Severely Damaged,C
Ilex crenata,Japanese Holly Cornus kousa Kousa Dogwood,Trees,Occasionally Severely Damaged,C
Ilex x meserveae,Blue Holly Crataegus laevigata English Hawthorn,Trees,Occasionally Severely Damaged,C
Juniperus conferta,Shore Juniper Cryptomeria japonica Japanese Cedar,Trees,Occasionally Severely Damaged,C
Kalmia latifolia,Mountain Laurel Fagus sylvatica European Beech,Trees,Occasionally Severely Damaged,C
Nandina sp.,Heavenly Bamboo Fraximus pennsylvanica Green Ash,Trees,Occasionally Severely Damaged,C
Fraxinus excelsior,European Ash Malus sp. Apples,Trees,Occasionally Severely Damaged,C
Gleditsia triacanthos,Honey Locust Prunus avium Sweet Cherry,Trees,Occasionally Severely Damaged,C
Ilex x aquipernyi,"Dragon Lady, San Jose Holly Pyrus calleryana Callery Pear",Trees,Occasionally Severely Damaged,C
Juniperus virginiana,Eastern Red Cedar Pyrus communis Common Pear,Trees,Occasionally Severely Damaged,C
Koelreuteria paniculata,Goldenrain Tree Quercus alba White Oak,Trees,Occasionally Severely Damaged,C
Liriodendron tulipifera,Tulip Tree Quercus prinus Chestnut Oak,Trees,Occasionally Severely Damaged,C
Metasequoia glyptostroboides,Dawn Redwood Quercus rubra Northern Red Oak,Trees,Occasionally Severely Damaged,C
Oxydendrum arboreum,Sourwood Rhus typhina Staghorn Sumac,Trees,Occasionally Severely Damaged,C
Picea abies,Norway Spruce Robinia pseudoacia Black Locust,Trees,Occasionally Severely Damaged,C
Salix sp.*,Willows,Trees,Occasionally Severely Damaged,C
Picea omorika,Serbian Spruce Taxodium distichum Bald Cypress,Trees,Occasionally Severely Damaged,C
Picea pungens,Colorado Blue Spruce Thuja plicata Western Arborvitae,Trees,Occasionally Severely Damaged,C
Pinus densiflora,Japanese Red Pine Tilia americana Basswood,Trees,Occasionally Severely Damaged,C
Greenspire,Littleleaf Linden,Trees,Occasionally Severely Damaged,C
Pinus strobus,Eastern White Pine Tsuga canadensis Eastern Hemlock,Trees,Occasionally Severely Damaged,C
Pinus sylvestris,Scotch Pine Tsuga caroliniana Carolina Hemlock,Trees,Occasionally Severely Damaged,C
Prunus serrulata,Japanese Flowering Cherry,Trees,Occasionally Severely Damaged,C
Pseudotsuga menziesii,Douglas Fir Frequently Severely Damaged,Trees,Frequently Severely Damaged,D
Corkscrew,Willow,Trees,Frequently Severely Damaged,D
Prunus sp.,Plums,Trees,Frequently Severely Damaged,D
Sassafras albidurn,Common Sassafras,Trees,Frequently Severely Damaged,D
Prunus sp.*,Cherries,Trees,Frequently Severely Damaged,D
Sorbus aucuparia,European Mountain Ash,Trees,Frequently Severely Damaged,D
Occasionally,Severely Damaged Thuja occidentalis American Arborvitae,Trees,Occasionally Severely Damaged,C
Abies balsamea,Balsam Fir,Trees,Occasionally Severely Damaged,C
Abies concolor,White Fir VINES,Trees,Occasionally Severely Damaged,C
Abies fraseri,Fraser Fir,Trees,Occasionally Severely Damaged,C
Acer platanoides,Norway Maple,Trees,Seldom Severely Damaged,B
Acer saccharinum,Silver Maple Celastrus scandens American Bittersweet,Trees,Seldom Severely Damaged,B
Aesculus hippocastanum,Common Horsechestnut Jasminum nudiflorum Winter Jasmine,Trees,Seldom Severely Damaged,B
Cedrus atlantica,Atlas Cedar Wisteria floribunda Wisteria,Trees,Seldom Severely Damaged,B
Cercis canadensis,Eastern Redbud,Trees,Seldom Severely Damaged,B
Chamaecyparis obtusa,Hinoki Cypress Occasionally Severely Damaged,Trees,Occasionally Severely Damaged,C
Chamaecyparis thyoides,Atlantic White Cedar Campsis radicans Trumpet Creeper,Trees,Occasionally Severely Damaged,C
Chionanthus virginicus,White Fringe Tree Clematis sp. Clematis,Trees,Occasionally Severely Damaged,C
Cornus alternifolia,Alternate-Leaved Dogwood Hedera helix English Ivy,Trees,Occasionally Severely Damaged,C
Cornus florida,Flowering Dogwood Hydrangea anomala petiolaris Climbing Hydrangea,Trees,Occasionally Severely Damaged,C
Cornus mas,Cornelian Cherry Lonicera x heckrottii Goldflame Honeysuckle,Trees,Occasionally Severely Damaged,C
Cupressocyparis leyandii,Leyland Cypress Parthenocissus quinquifolia Virginia Creeper,Trees,Occasionally Severely Damaged,C
Ilex pernyi,Pernyi Holly,Trees,Occasionally Severely Damaged,C
Nellie,Stevens Holly,Trees,Occasionally Severely Damaged,C
Frequently,Severely Damaged,Trees,Frequently Severely Damaged,D
Larix decidua,European Larch,Trees,Frequently Severely Damaged,D
Liquidambar styraciflua,Sweetgum,Trees,Frequently Severely Damaged,D
Special thanks,to our cooperators on this project:,Trees,Frequently Severely Damaged,D
Helen,"Heinrich, Certified Landscape Architect; James Messina, Certified Landscape Architect, Landscape Plus;",Trees,Frequently Severely Damaged,D
Master,"Gardeners, and",Trees,Frequently Severely Damaged,D
Desktop publishing,by Rutgers-Cook College Resource Center Revised: April 2003,Trees,Frequently Severely Damaged,D
Equal,Opportunity Program Provider and Employer.,Trees,Frequently Severely Damaged,D
